App Name,App Hash,Category
google_news,69a1ded288ebb67e52d273cae2ee04d371d8a4b016aca1269890120b1ead830c,News_Magazines
cbs_sports,67ea4befc8741f5e358c21db9dd6eb24e7d6ab07d7ae35dba005bbab762e250d,News_Magazines
newyork_times,ff41959d86d18f6f649186631f86ca18d78e575227303a6083dc22491b0ba4e8,News_Magazines
cnn,0672fb65c4405fce410a49002c89233863628d7bd5d953e29c164944820466f1,News_Magazines
opera_news,62ebce264a5511fe4a30cc1c28810b075ea0216f087ce785cace48bba1cd7b24,News_Magazines
sky_news,f53d8e24654e5cdb2a907fcab9fb16040e2dc8c1ac8db9fc6861e97585c872c5,News_Magazines
guardian,75ebb7612a7edb763bbf114695003c8a2ccf543c49046c5e59e44ddcb9ee2d8d,News_Magazines
podcast_player,60b873c8f95f041aaf2ab204e0ac165e392500c6688effe74b9776117ed7d1eb,News_Magazines
bbc,76c59364375ccb1c2df8c5e38eebb339ecbba70fa45032f7d7d6a71875b433cb,News_Magazines
washington_post,197c1dcdcbc65f00e1f0df7ae29bd61e150b80b3b6276f935140e725a96d96a5,News_Magazines
dazn,e85fb87306f5d853fd5e415980cf9d786585cf6a2a0df67be929fafc507d4984,Sports
as_sport_news,634160db2be3cca7f21cb32a0b352501db214398bbace99b2509fb906e744625,Sports
fantasy_football_manager,c3a663c0ef600a7aff5ff646c446440d79b768cee4f3945123e66ff45075aeb0,Sports
all_football,317fdad4c6b6ad132601b53f7729a292e292b9f80e743beb0493e8889a733ce6,Sports
livescores,bcc7a0674620f9b289ed5e5db9f84a1a2e973156d35ba6965a0d09063e397ad2,Sports
scoreboard,18ce720b39b7e28caf1e635508e898ba470d5e5afeffdd5ca80690c9711880b8,Sports
espn,5e188f7a7cda4ff10b336471cf94ba10b077e0cd0935666994750043c70c9343,Sports
zepp,4b900529bb6fa5360e49fb8ac6c11fb98b67e00507579ef1fed157cad2dca6be,Sports
sofascore,5cff76cfe53eb71abddc2a6d3f264899421fec838068eaed2e76bb767d356ced,Sports
sky_sports_scores,1069b84f0f9651ebea18dc063208bb87a70f2594afbee86eaba3cb0b4f338ebc,Sports
flash_alert,a8566c48b7cf6e4f8f55e659cfa5dd8e23d6010a6b94afb395f758db51061131,Tools
show_wifi_password,3431e9f0677bf4128db012ad8a1de0c0fbed2f749abc9ba346892ffd64aeccd9,Tools
app_and_fingerprint_lock,f4c0013e35de04ac04c3b554a2f5476688e1a64af567e1a78c38e79173e899f8,Tools
digital_compass,f2b875766d821f1a5e3ec7fec28b7c951d8198eee39ea0022f8053b611d20874,Tools
rozy_vpn,268863e03e1dc550e84dacf7a2020c58f1a7aa8249b357bfe1200b3fbd242306,Tools
status_saver,d8a669daae2b37f0b4c80d2b5563dbf269d20f16fa2157e649ce8a54a585eb07,Tools
qrcode_scanner,a5c3a3b5bd533b838075c055e2b4f02576f609a3ccc7c4546227a7b74a301df9,Tools
anti_theft_alarm,86f924a26185a4191d803550654a39b38bf007d1ef5c5f678492e269258a1b2a,Tools
skylock,4fb2bdd1ec61c7e2fbb18d9ba29a39198e7048f397991f51bd59eb5a3813d2d8,Tools
ruler,a37a472a7fb62493634a190712ca676fb05946e29f01f2ae94513f00dc5df825,Tools
clean_mastery_ultra_security,e059d3955e3ef55834190e80e7023f94576d9cfb552520c1ccc0509dddf51c06,Tools
used_cars_usa,21b78a2dcc0167c108b1ea1a085d41d62c42e81a6a7e1cde1fd1377d72b12cad,Shopping
groupon,dbd565e448123421680b1aefaaac9d74d6ca47364eee6e07d387bfc2ea92a7c9,Shopping
jumia,14365d0d9b48ce79a239117fc93ac0f0b76feb63d31672ea54efa02f17b0556a,Shopping
amazon_shopping,7db042b07f20d26e0484c3a1225ae181abe735681f1cb6b86812c63f9b15e38a,Shopping
family_shopping_list,148fdc65379e54a99a79362c6bd7d80b80745fe75f1c715ff4ce64dff2ee9796,Shopping
compare_prices_shopping,e0cfb9f0310ee499f3885a29fa8a50e77e059f37dbfcbcd8acd120d7ff9dd968,Shopping
ichota,c29c709de997d9e10e02ea4c8fdd14da4a382ff2efbffc953f4876542d0b1af9,Shopping
kcl_coupons _deals_discount,32de6e8e068d293a83ba6eaed014bd68bc73dfee1ad6672b5ba1e8259f84b385,Shopping
public_car_auctions_usa,f04f9b1944b17a5eb2b8070b3dd5bff8508084501d2a90f0875a5e1f4f37cc13,Shopping
ebay,fe4fa281432ce22630d5213352df1a2c8b66eee81c9e1e9c87e161ba3d2f2223,Shopping
heartwell_tracker,b1f78d9c07c89a21863d0ee1b7d90b52df8f38388f61b462e77e168bcf2d4bf4,Health_and_Fitness
home_workout,511ddc8b7165ebca4919a24a3d90266e26f52709793933d3b64cd26fd58f5e8e,Health_and_Fitness
lifesum,840608386d6c953b0f82c73cd8213c09a30ed1e3f8af1da4466eab851203e15f,Health_and_Fitness
pedometer,05980c1339c04ab1f8bb065e0787d2f22afe57edfb856d514e4e471c62049256,Health_and_Fitness
hiwatch_ultrags,aa7640e44f7d9659e1632e7fd1b1f736c28b44a13f6a877389244cf3df229129,Health_and_Fitness
plank,3491139eec18ea5b4d643a013702d9824a274e53f2201e2b63a076365efb0540,Health_and_Fitness
gps_run_tracker,33138dffd79de5848d10df6b9225303b90bfc49995ee001fdcf0858cfb75b1db,Health_and_Fitness
yazio_food_and_calories,b3c288fc22b1f372c07fad5ca013f0c07e882343c173196e019d3826d4319f4a,Health_and_Fitness
daily_yoga,6a78876d6537f9916ed8a3e46850e9ca805cdb103249fbdac984d5cdc2fe2732,Health_and_Fitness
focus,40ce4ec4e9fba612eac14584f44628cc3cbb0a927daa1e0bee71a9035e34bc7b,Health_and_Fitness
amila_baby_tracker,305c01653b22c9e2ca17531744d9e50aa19b0717e09a4865094d3235450307d9,Parenting
dosa_baby_sleep,b09fc97350ca438ee5a3741542b2a9db1961991d78dc10e42e0d26df6486d212,Parenting
contraction_timer,1b38b14ed0eb055512f62d51394936cc2679db1a2da69b3be0acf5ab0bb65a3b,Parenting
pegnancy_calculator,4b2a28871f44121d1f4bd8be9e54b8c6befaa8827ff1cf259a81099c234efe84,Parenting
pregnancy+,1353e1e35700c51dbeae8a8290ab11eb37df738ecbfc6d0d98e0194316dbbf36,Parenting
family_locator24,00d9af6965e25eaaa1f1277885db5c9c1e93fa454ac002869485191c07b183ad,Parenting
lullaby_for_babies,4dab84fd355a25e6d4004d55c35e436cceaac34e1435808adf881080bbbd0c6b,Parenting
280days,1dea4a90dc5fff508e67e2162f334d079e627eb2432e089dc1e4b2f12724e013,Parenting
becloser,9cb6a60870e5949b82c967f49afdf99a7168e68b7c7f3adc7165a59645228fb5,Parenting
babyfeeding_tracker_pumplog,b63db99d9cdf4b662cc837cd00d3776f2021702aedc916f3807abfe8e797814d,Parenting
kinedu_baby_development,3a8f498ae15799f439f49aa937faba15376f7cf381e2d4408279c6e8fd0bad87,Parenting
twitter,9f415150b62057a2c1ba3d3b621136d808b2354455739d1e8758bea9c93a5da3,Social_media
snapChat,1fe6875ba5629a5bd9503c3adbf10778924d1061dc7b25e422d5ad1cdaf5987b,Social_media
kik,3cdd5453c7ab22b1fa220a8287c172615662ea0038dba700b97f17b7964dbf3b,Social_media
tiktok,5252268fd6a36dd213ec1f2b1c044c4501075db7f3bf815e93b142b6b1a07e9e,Social_media
linkedin,3f79b63824e73d28f250eb480905a1297e5126c208fe32216d99bd9e4e46d833,Social_media
youtube,34f6f91f0b0d21fa2ff1ffc0827858da9863fa70f2e7c22baa33ca56a2aaff42,Social_media
instagram,a07bff220962194619b8fbb1dcabdd21ffbd9ce27d49cb2581c01a0eea26bb12,Social_media
meetme,eb5a1550b75c4196529911a7175fcee4a68983f3f63083b4adb73dc8478c721a,Social_media
facebook,6c688a734d6f8519607bd31debbdcc8157121ae8b3e4553cbc4de630748aa9e0,Social_media
line,ab09d52510a85eb007e9713cf886d3873065474a659f917ebb8126aad48c13ef,Social_media
lets_meet,57672ff54a5c5dc800a867407a78da318e1934929f8ee89b3305c574897eb070,Events
eventbrite,4b4a8c53e6166f7a4bcad7e15481b6fb26507e6a0900e0ed17ad8cf42c922f45,Events
esf_football,d17692d09f8b55cbb151714fad2b218a268010dc1656ac926e1d4414b62576c5,Events
event_planner,d838863003df6cf53d778d007e44631222115440e00342fcc5b18411a6ad93c2,Events
si_tickets,f2a9795edde1d2c79748230c34bfa48b08f536ad36bf3b888f250f49c924fd7f,Events
citymapper,74249b8fdf928ee251a0ad0cc7556b47a12aefe0ebd6504d365aa9133b2d2664,Maps_and_Navigation
trainline,3c617d46c33206fa1516a38e69cb12eec7118543a7ae04842d787f4eaf2dc4b4,Maps_and_Navigation
waze_navigation,fe499170c964f9794f447177181bbcc57c69137aa031a39df1c0ec9d9e3e2ea6,Maps_and_Navigation
phone_tracker_gps _location,33c24520aa4feeef6cad8655bc67304025ea2a57f0dd0b2969f8bc7a901d6dba,Maps_and_Navigation
location_share,1488d9e40d0c1e8d2972eb8fb0062a8b54e9dfb01ab8fa52ff88b6e5d24a5815,Maps_and_Navigation
gps_satellite_view,25e40a667d649c6e18e54173d2189c4e14163ab7fbaa6b0efc75626ea6df6be2,Maps_and_Navigation
radar,12b468e208e7cfcf0d9914b0cf791876ee495c59ce52c80343676de063e94942,Maps_and_Navigation
tada,963d6133ca2b34c0432b7ef651f623ca47a22cf18663c50e740c1cfac56c5620,Maps_and_Navigation
live_earth_map,9a0775234f5b8b10c132087eb1e14f2f50c159b7c151574974127a62002627c0,Maps_and_Navigation
national_express_coach,6d90561080e7ed1010c2aff9ccd74f0dfec3c7474c414fafd82fb239dba24e2a,Maps_and_Navigation
rapido,852cf7acfc2a4de5c687d461ddb98a9601bd2f0a4b0a1b3ab24352b8395b7cd4,Maps_and_Navigation
call_app,a09aef1fe86548f4fd1e51eb14023a6267f6a8ba703989f7c83bb9ea02552984,Communication
mail,85e3ba83a416cd3411657cdead0efb6aed058b9685f7b076d2e26cf66ef31ecb,Communication
adblocker_browser,458b76c5348882513a963f930fa3b5749c16195e467a96a5e619102874a53e9e,Communication
get_contact,0333726c7af8980bcb7170336e7bb284538d3aa443982f2541394a785e7aabf3,Communication
messenger,158e46e7da6e10a03e0116f34c8df4805c4a6dd72c89b826a55b77f10e35b75c,Communication
yahoo_mail,5ba5c6c9e8875762735b170d15f49f19efa4659cfd051492540f131ce800d0ef,Communication
imo_calls,946033d356652ead01dc98ef44b1d6c587b15385f9fb0f51506c4fb330031420,Communication
brave_web_browser,c90a5468e4c7040f9b2deabcea708a0cb86f0486e1c121d75c91f6373bdc04c9,Communication
gmail,5a091227d6f2d570a69018e629726d2f3890ca6513e0272faf6ae7af9ae0bea9,Communication
talknow,4848174b93b0ccc7fde2ead62a1e1c8299028acb5484c7763d1a6e179c771de8,Communication
uc_browser,7c11fb7098ee49e50c1c9b846d800fe3f23c9d2c8d626364ca112000890a68bd,Communication
drugs.com,6b298ddddac3fb0fb0c69713e26c2b1047e890a46f5aa38a2f342c51a3642ca0,Medical
drblood_pressure,2707b00222fb075248df532ebefd5169073d4cc6c796715a4eb69af45d5fc8b2,Medical
teachme_anatomy,54368c6a4e1739804106f37201d0111f238d8465458ee575d6a6114ba7244d11,Medical
drugrx,51e5a853a1ca29425b6f5356987cb381fb10758c839085c7ab932fd43668fa2f,Medical
blood_lab,fc10f59f583cbcce27431af281bc67a574037a68e446cd63e7bf74bf646518d7,Medical
blood_sugar_tracker,7aece5f92b3551c256f1b38fec9bb085412810edc0221514a9787b9b6adb1020,Medical
medscape,02b927ad89aab08185ff4e96335ab7e1e603a32d150ac135857a005cb63b5dc0,Medical
medical_dictionary,a19ca43e1271f7fe931461ba9bf83e33afc0f981488ee4817649e2f37c50dbea,Medical
teachme_surgery,2ad8a81284f604647b25041a9ea63ef2db22a6622a9c1f6ad0c1dabd30701c38,Medical
x-ray_scanner,40ebdd1118d6817b0e396e00abb5d79daf0f7e5201d0b879f04711daff3dbfc9,Medical
novelUp,1ce4d007798cbec3bb953f3d8deea82f2fea254435befb9f45b27b9fbcc188e8,Books_Reference
wisdom_quote,f9d52c4445b6e0c1cfb680cd41177a929f7b98b1e4ad65d5f37e9bd285f7c923,Books_Reference
talk_and_translate,615891bcfc87fd0a258a9b0901a200b9aa4bbfd120b0e2d28aaf5808978b55e0,Books_Reference
novels_and_books,d339906e1870e25100019c88b991ed005e6614f3009a3497d0cde820e8724161,Books_Reference
booktok,7dac806b0f5cb61113093632d1bb4ad4dcd0295e0e13be272b3c0f88c0aaebe1,Books_Reference
good_reads,62f3c047f495af8ca7cd520d28e4225d6744170f1c172bf31286e9c8dff03ea2,Books_Reference
oxford_dictionary,18c23da9dd2b2cd2232b0b1936a5923d7599f3e777430b8dfb90582e91bc5042,Books_Reference
wattpad,c8beb615c3fbd49696980788e66a3ab19292f19555a0845e084c574cc149f8a8,Books_Reference
pocket_fm,d5b08796f1555b30c9008a4e35ba67dbdf672edd4eda35175e9d0f1a7b499650,Books_Reference
audible,b1bb0f0338273d63f914d30421f168128dd76e6407c2c851d90feacfb28710df,Books_Reference
auto_mechanic,2d0a6969bfff12d7140285c980216c78403180f9891fe32a1813cb71db631eb9,Auto_and_Vehicles
autochek,2d7997b738bf8c4f11f0bed04f4da2d595e00909a44688236901cc6b618cbe6c,Auto_and_Vehicles
diagramas_automotrices,7b6d6937a032ebadd661fb97f677bf8f0f666a6eb3892c4744607befdeadacd2,Auto_and_Vehicles
edmunds,b4d2272556bf2b2c20b7edf50a721f94cb22d97ae25de716d988886aeb8b3d3e,Auto_and_Vehicles
car_scanner,3964ed64302a045e9f19b0a0a613b621a342335ec464eae8547ac9b5e4d19350,Auto_and_Vehicles
dubi_cars,1e25849d38d5ecad2438e63c837e4c06153dc536acf805e17df34d446ed5c5e2,Auto_and_Vehicles
car_problems_and_repairs,1c3f50d454958335b647f9b80ed7105d79dc5195d438652ccc52ee24f9eb8d11,Auto_and_Vehicles
autofixer,ccb78a006ffe54948e1cd0075c4912cc0aac543a2212be6a061b9c5ee71f6f89,Auto_and_Vehicles
carmin,6713af5255669d2a9e69fbbbc708f8e30b2da48a949cbc6913c79236ab95ba6a,Auto_and_Vehicles
auto_uncle,bc34d4318b115b53f82b66a47403f47b4737067d01ec448ec6c280e4e0be1aac,Auto_and_Vehicles
vector,4356282e4f38eeae6991db8025cbf0fad7f0e86c4a6d18cb299d219af5a5cddc,Games
beach_buggy_racing,869dd457fa5b4839444ab935a0e7f31f59a9fc36b0da1d32cb1ab7b9e1fa4f36,Games
solitaire,15256ace1c72982a0791edd173f04bf1a09688c4ba165cfcf3ccfc481b102eb6,Games
dream_league_soccer,92078ba9b9b3326cc5d89448db42d552b056965392dd715b203cbb8529360f62,Games
killer_bean,388f1992a3594e9ed492d1a4a384edd7c18be6a362d96f1f9675bdbc93fcc4fa,Games
riptide_gp2,ddd98c51984a70e7a4e1ccf05f23d162bf7aa66bdf310e4db2700dfbd49f7a47,Games
pubg_mobile,63513eec5789f96e5a04cc8834610a46fc3afc7b7d5232c38a3c89d59ee33f36,Games
stunt_car_extreme,c593ad808bcaf21d2a9cf0554256d28d031cfa735f2920d5fc995f5b28d09136,Games
checkers,01b332d4b106ab370afa8bb789c9514a68d9208b1903268384e2cdb23b75f554,Games
football_league2025,9192e6f72f3dbf6784c45d4fe5f223a1f17463f7008b8763c0173148518eff7b,Games
pinterest,61401ef07a4ab9896bb4438ca6e52e8b441c386be6600c75255e4d6fe1a3864c,Lifestyle
bookstep,d0b6a65dd15d3fa9b49a055708273bbed7ec7887b09bcb2cff2a49113da2a258,Lifestyle
numerology,014b065999337a0e9016c34e4632d03fbe1e86234ac82bd5455d9a352749aceb,Lifestyle
daily_manna_2025 (1),47977388bcfe70b5ad6513a95df92f1887baddd89469923598fccb3c55553c96,Lifestyle
dailybean,ed0a09c7aa2da4b5b684c0f1dee53fc9a30bae61b670e23b18aadfac8fd4516e,Lifestyle
daily_manna_2025 (2),139d14a61ed9318724f21b35beff602dcff3e709794330fb7aa100796b340e06,Lifestyle
lesson _life_quotes,d76903357c40f13432cfc7da5f64a961fd35cb0ed23beb760f17e22b23606bfe,Lifestyle
daylio_journal,9ce85c8bcf1e4c89fc9c64dc2f7879375224c4afda3ffc2d2bfadab78ea72b84,Lifestyle
habit_tracker,e2eac1ee01f40a4dee425969f1c6be948d148a13998f667e04c5fb757138863a,Lifestyle
mydiary,44bd2fb094401a4e2f8c9e1dd9f5c38fe4c58488da8b53eda69fc2b79b6d477a,Lifestyle
receipt_maker,1a5298169f3ec3712beb9fe1571e29e3639364f8cdd45d47cb26d30ecad34344,Business
email_aqua,ce5af867fb7d764b3e41e9dfaa08fc5154ed6a6783e8aa5619e340a5996f67f8,Business
indeed,7cf59d37a67cb20816ca8e64bfa4cdc45195e192f8c3e1b194ade8c8fbad5b3f,Business
resume_builder,be54a6d29e851665287faec92f269c7fb335f0a4a5e48f3943c08a0987c4f886,Business
website_builder,2219beea26f6f7ba98c91edbb944e5e77f7f1ad9e1e7a2cd635132368f349979,Business
pdf_filereader,333c9df8a52205a99a3b8ff4aa00f3d5da3f8bb7396c804113d3878b9a0e9349,Business
dscanner,872281aacdfce9aaff98d3204108fe25243f875e4694f80c82982e690c3a39ee,Business
words_to_pdf_converter,524a27adf0ef91e9604f5563934db0d967c39a74884f8c17887c6054c2b2733a,Business
business_profile_manager,a7f0d4fc0e1b6cfc35092275800ec07938328185e8cc9e62ae6790a36d2922fb,Business
work_from_home,e671dcce659ac8448314b894e5724451a97f5b53ba8e9e80d13563125cf12259,Business
mobi_office,3dc0380ed1443e835a9cd45565813e141b7bca13b027ebb0e273977a64f60324,Business
bumpy,e95a2f8e62fa2f595fab18cf6fb631be5f97064f0933c3bb71520f325868af72,Dating
hangout,730e68df5f5460a96cdf940ce20f8eb3befe046bd69f29b0eadce8defb6a39ce,Dating
chatusa,980cd5676cf3dc2a3b8e613259d3929707ee13d2b4effab28480fc0526abb09a,Dating
csl,a7e8deb3bf203b9bdba8b53c02ae9143f194f1e92151101bcfe9930b141dbdf9,Dating
piqo,d326f66133390bd723bd5b84f42a10d06b8802f097a0a52d2d5aaf9d68dab80f,Dating
evermatch,266fa31826d846e3a77d658079d7208e361e6ccfc725d64ccaeb9fdc42d555e3,Dating
only_spark,7d21b46f1c0542f1db524fd1688759658d97485fd8a4f4e28c1e5bc9f0949adb,Dating
tinder,cae59be6dccc082c2c30b0c471edc50d9d250f52911b0e029f0b5093ef1322e5,Dating
sweetmeet,5ba1c8d74667f950164f75ff1d20117c88d863240f91bfc1bc9e71547e751465,Dating
2gochat,0169c4889ce2b97adb2888a45d13b5f520d382a093c268813e1a40072e2ecbbc,Dating
appowns_radio,983d2c94567d6552d85364d4931fe46ee8441ca608e52803dd8cd0bd9bee5cb8,Music_and_Audio
Spotify,530910159d2a9662130e00064a898456c540a1c9485b02b35d772fea6ac04bc5,Music_and_Audio
groovepad,af358cf55b8cd7222e35310a14d739ff953e1923f2655fdf89414edda32f9f33,Music_and_Audio
simple_voice_recorder,1ea34e57e48136ac0afed815abef0879314619c5378f1ad493175dc2cef5be4a,Music_and_Audio
podlean_podcast,ccaf88623fc601b24567f9e126a19b3a84adf081b20c2f00bffdc828d812cbe3,Music_and_Audio
genius_long_lyrics,389f45f0d3ae7e0a5aa07f41bb980db058606c7da805f4db8448fbb8666ec567,Music_and_Audio
bandlab_music,a605ce0cd2f4dd275fb3ea668fe682bf3e32d267a32e6404b4a2f6ce651fa420,Music_and_Audio
music_audio_editor,1655b32323e5cb23e67548588c78569d2ba387f6c03af03d3101cfa1eab6ffba,Music_and_Audio
audiomack,8621fbb08ea74d8b0f51184af198d4cd4b342e68e79ac896aaa50cbe9871eae5,Music_and_Audio
music_player,d64be9e6a92303e219527d0bc667276ed52e3d05c94952c4a3cd2359dced176a,Music_and_Audio
led_keyboard_colorful_light,899bf0de6a0e0af374477e51b6f3a7c567226e13cdd86879df4f3116202c5377,Productivity
do_it_now,762ae765f7b6cc3377a3c92e371b1ba32724f21b2d792b7b658223beda1d7829,Productivity
notepad,947e8ccc879fa7055746b201f884601f184487f2f2e8dcf3d62a95be0af12ce0,Productivity
flashcards_world,bd255e3cd017ac7641b83fd8e344ca2cf7c86385af38db2fe953af021181ffdc,Productivity
easy_notes,717c96486520afadd7fdfa7ee917f5158b91652158063a9edad8abfedbc61a32,Productivity
calendar2025,a4fe2ab2fb5c388f3a76949863b477da67967b91e6dcca9ccf4316141fdc2431,Productivity
simple_calendar,d26a8f6bf0ef732de53294babba444b181899a268451db0657ed8c2fb7052863,Productivity
to_do_list_schedule_planner,9877ca7097ccd12ea942f825266c65f04e7853138e7986f8c99d1392f1a71804,Productivity
note_todo,b9c1c960558168ace06ee136cf1a8a4303741a0c4000ad9afde8a3fb7c24cdc1,Productivity
calculator,69693f34ed6d9aac45c361c8fd85bf6a6563fa8c929564fefcb8071428151d85,Productivity
davinci,e20fd936cc7a72cd2ad6d1d9cf04e1937c180fc09bff5bc7b1e1415c013fbc6c,Art_and_Design
wavy,7255f7027ffb0149ad1222e5b249492e73ef254413d1490b8cdde17fc8481a6c,Art_and_Design
genius_photo_editor,1368b8e46b219bdae3db1706f8f7626fe899e22a68e3750ca423be90ee94b3e3,Art_and_Design
x_launcher,ba8c3a76b55ac4847674d5cfbfb5fced1ebcaf4838ca0c1f216a11064a497924,Art_and_Design
bg_remover,0ab153fe656212b6b6368f9b4efcd1bcd347762e70808a6536b47f3c005339f9,Art_and_Design
face_swap,df27512ce82507c7fbc301277f551dcb12533ce02ab906df3c3f348d2fba8718,Art_and_Design
invitation_maker,6d0dcf052f79e12a6a46b4698797b6cd746382f00eea607545bbb127aa757481,Art_and_Design
name_art_logo,17b405b3f7c7bb89bbb56184fbd4eec2949265312b2a7419f5d879d5a3071812,Art_and_Design
mindsync,d032cabe0899d6b0092bf7aff5d940bf34925b1a4383106e34ef41b5e1437712,Art_and_Design
image_ai,deb51db6bc6bd54b6f935c55c1e1d5085735f829e5ad47068ab747a4b988dab7,Art_and_Design
youtube_kids,7d4fae2107ad68232d51b30bae827f1e0d21280ff1b434411366bae19855c137,Entertainment
shortmax,7684b5d63d869b74b96ee9f577e949f2ccf5653049d2cebea8b8a8f4fc3c04aa,Entertainment
goodshort,c00d9bfb0d5ed633227e0a676434007e6941b3f98d91776d354cd4cd45fc90cf,Entertainment
moboreels,bb5a02aecc32c7a7d420caa04ed76c8b163dc5ae93c30d1c3a43fb4f8f860f0a,Entertainment
imdb,8a2f30ad85617183f465bd3a5bbb0783eac3c7cedbe26b0109f9259caa66eb63,Entertainment
flickreels,b019c48125767a8305a34b77893f125a12dc01588872ea932ab6f68c6b86f891,Entertainment
moviebox,a164f5bef23fb702d24b7f460ec553478c2f3dc0f3d7601e5e2ccd25cd4cbc96,Entertainment
startimes,49e2bee80418fe6a2f1702ab4807067b8d9a8a62deb5f1a5a9d5da2eece16864,Entertainment
dramabox,04bd4d7a7a66caefb056b94154022fc7856faaf7e21573d6ab10a5dc037c722c,Entertainment
prime_video,59fb84f3d0863da683c2712116d32e47668614dbcc494ae64717fc4a10010110,Entertainment
faceshape_and_color,1cb39e699056fe5989864788a99591d0319d77a31cfd51f4ec7e85e1985e4590,Beauty
perfectme,ef9e4aa83f74f456482a6bec28c71931c4e36ebeccefaf0455ba79b991119409,Beauty
easy_hairstyle,afcae7328e3d9a2fc5f2c819acf5da45d6f6d17b058766824fa62559e33b6718,Beauty
ai_dressup,97dd163ec54395d9d30aead21f59f23cd7d80e62e3c020f46aa60d3876d06a95,Beauty
fragrantica_perfumes,432760dd81233a3035890ef900289df299c9547a783268895f98718810fdfcf1,Beauty
mirror,2f7a0649547e9358e04f77dab7dd87cc9bf8e98275db292426fc80cea9f84e44,Beauty
perfect365,091fde3772f09e5c686cd477693dcfbfc7529ffc2b65cf1be8d366edb1b3e136,Beauty
dressika,e94bac935e5f7a6e49b75086647cec7ca2564e31e79ed05fb9bc58224fea99ce,Beauty
bodyshape_and_beauty,05313f6a5fee4604402caed7814ed2e5300d51562a202814a3de6d6b5ce20d56,Beauty
skincare_and_facecare,b1e2f2afadae387bf1d6825d29d6832b1eb2bd5d92efac27e991a5dbd871a0ec,Beauty
animal_wallapers4k,8729df2f6f98f1fe279df07c6794ebdc520cb5b6273d4ded6a87bdc2a9ec03b1,Personalization
led_keyboard_theme,25fce05b2d3813cc4107c0bfd7dadcffba19e5c9a170c2cc2ef55396cd54dc87,Personalization
transparent_wallpaper,6db6e655ed1532145df6ec498f5b724b31d57fd132a4f4326a0d03b86550db4b,Personalization
color_launcher,7f117778ef2dee365918e2ecf28eb33a8d0e5356c99b5dbce3a1149e73e317b0,Personalization
zedge_wallpaper_and_ringtone,d7a59b60c2400586f75d05537ca98bd935c3f8b4a6053a1f60a012e7d6770012,Personalization
newlook_launcher,c2eb66a0f5faee889a2b49950ab1e560c35f50c0454d7b840ea9444e6eab50a7,Personalization
edge_lighting_led_borderlight,ed824316f3dea5c71a8cc74e7b48182de5d1af955201bc467e59ffaaf910cb79,Personalization
ocean_wallpapers4k,01ce6c22625ed81584320aca8be94d59a5698621f5c0981a3569833432916165,Personalization
call_theme_and_ringtone,27b33613fcaeccac826a32bb33046a83cba2792b156dba36d92e88eaa3af0209,Personalization
realme_hd_wallpapers,ecd33c3832307fdde347d4584d68a19d3c9195b8aedfdbb59c0304feacead83a,Personalization
zomato_food_delivery,aea955a3d04349e827e1abe21040e22039263890ab21478dd385083adcff0c95,Food_and_Drink
baking_recipe,2bf9750642db909baf49c1cf8403a947e4e8ee2f2c8614fc4e3ca841dceca907,Food_and_Drink
500+_health_smoothie,22f8f47800ed46cd194ea1257cbe3b5675a188a663dcfda0ecd05756d0b8c31f,Food_and_Drink
uber_eats,91835eb0b2de443cbd4d7f91db356ea59e8e91fec5819a71b02cd94255346ba4,Food_and_Drink
breakfast_recipes,ef7866c03291cb161802069c64951437fab99ae848f59fcbf1c8e3751631dcbd,Food_and_Drink
fastfood_recipe,743c10c857013d0805309ccd95a355f06d09120fd0ee0983e5bd867558909fb7,Food_and_Drink
that_recipe,c6f16b8ea798ad8782c7af36272097356b48bc3a722e61653f21e8c6240caffe,Food_and_Drink
cookbook,100b5dc54fddb0a848098cbd0bb9face45f6a5c5e24329c0c62fdb0c120beb7f,Food_and_Drink
yelp,9f90426cb3075083963b16e39864247002257a421221b8dece6a3f89e20a95a0,Food_and_Drink
cake_recipes,67c08f16dff256aaab4bbb085a1939dbd9da90b3e71d9582f8421d6f35a07f6a,Food_and_Drink
brainly,c58fa22d990c40fded35d9a0cb5c853ce74dd163643a3fc4e6a58302b531425d,Educational
word_riddles,1d5c4f2c898e73b9a95834053c03b9af8a69d814d9692696b205bf214659ed87,Educational
word_pronunciation,69a16b1c4b9020bf932a02d076c58ad83488eb39b4ca905e0449af7bf3090d3f,Educational
drops,8de3ad04ac788dc80b402d502b43396f568d2cb2b9d90f19fd1417fd91bf7d03,Educational
busuu,06454dcd433ee453c7d9aeadd1f52d2389030345ae809452c685fcbbbf22109c,Educational
alison,42a90f1fd0294d49e7f2c5b6e5198b5ff80ccf30c5f24c39b1a3044ba754fdf4,Educational
memrise,e0f2ab780ef351738ac79f691cedec25f00c8cb6cc2020c50626c2e5b0ffebba,Educational
duolingo,5acc9e231284ab67a0fb4b22237d56983906cdd56bfd9de6449e6083efef90bf,Educational
translatepro,bb497b39759f33116b49ea5084b90a384b38cd5d8dcd230dbb72444d60362f13,Educational
mathgames,d15ccb8083a2d9412281a19abe43186d67c95e09fc855b31745cfc3a1218e986,Educational
check_mytrip,f10c70ae1714f60860239d546f04fcb82d06ba5685436862a85f7dae479e6111,Travel_and_local
google_maps_go,78ccdc44b5e1cc1b37b02b5be56592913ee0a9da3a6ffd8b6bf62fbe56ba52e3,Travel_and_local
JD,f19dbb2d9216b4432e920c44257fad349b1be1fd245307baef2436f74a58a821,Travel_and_local
cheapflights,883a6cc49560b3ad52030fef26fab4c6e628c5da125ac686f49ede7834d746ae,Travel_and_local
yandex_navigator,a92e7c0de5b0e2a4ef69e6b90fe601fd46d298cfce2cf3794c44e6a2336e222c,Travel_and_local
confirmtkt,9eff9b267d4b1fa93e889164d7dcd42dca8b299433ef427120756f0185aaca3d,Travel_and_local
flight_tradar24_tracker,287e5a65c06be85dfd645fafe3f5637ddf65a5bb5b317dc1e8290460eacacac2,Travel_and_local
expedia,1d12c3ed999925073d6c9609e5bbc05b903c117394c19729742634312a8a55aa,Travel_and_local
wego,d273b93f1f3870f18411cf45588129a655bb143f3d2bd04ce991410b38dc51ac,Travel_and_local
skyscanner_flights,3d85262bec4633666d45af06646d88da4deba6a855d4eb9f1ad463f77f02a18d,Travel_and_local
Top_20_Google_Play_Apps_Each_Category,3d85262bec4633666d45af06646d88da4deba6a855d4eb9f1ad463f77f02a18d,MADScanner_Ran
nautide,400a609370de5993f9562dc78850380ce662cc3628476bc30343ccf083653563,Weather
wind_compass,dae1de5714232404a5b9fa99a5339fb391f2c42db6abe1d807e837d49c755b22,Weather
daily_weather,c7dda28570c394146df3960b058306028f249aea8a27218668ad685991ec6657,Weather
my_earthquake_alerts,33ed662591b2609517fa369d19ef252e03c088a36a9fb8d028aad2f4d4623713,Weather
accuweather,b2626663465b2c905d9b41cbd4a195a6ad0abca37e3c83387edf2d2c1679170c,Weather
weather_screen2,89016ca341a54be03832fe3368b2b33d1bb92f5e2afd63f19f68971f061aa236,Weather
zoom_weather,fa5ad826198b34d4111a3522ea620aaa2d27e17a12ab186fee6006cf831aea03,Weather
room_temperature_thermometer,9bc1d4461acc1a1b716acc46643aa556104e3a978c68b4ac29b156b835e48cdd,Weather
weather_forecast,bb1385d2e1b03c5e813cc1f3a84f01f73b526516f1860778e96d677a80c1aec8,Weather
moon_phase_calendar,75600b1371f9c19f5c603d40c57982e2daff18395c3abe04f28b0e87cc7cf0d0,Weather
video_player_for_android,c8a47dff6669e9fbaa0d1982d78ceea516f3762724198eeb8e100b4a425d9547,Video_Players_and_Editors
youcut,94a456ecc4108344430789ec1f509deff658e930d87cd0c9dc305c0452afdf12,Video_Players_and_Editors
power_director,2e192b261e3cd87ffbb2b580249aef1d87b7a470630e4633c736cb16add2338a,Video_Players_and_Editors
splice,f54385b84e44f4371ad07a57894180ae35865ed56ca91794a481b94eceb9617c,Video_Players_and_Editors
video_player_all_format,0ad500537d0a2b117afe9973627d9b935ec352ff18cc43bea3e099be7434e784,Video_Players_and_Editors
alight_motion,d78b77b290cd3f49a74f12d3d94ab842943909cbf6f4c6ee1cff5a189273b2c0,Video_Players_and_Editors
video_editor,0f505c88aa152f7a1bc7158490e9151b8313391b8cde4d5111f32fa8f73c8982,Video_Players_and_Editors
mxplayer,96f01c22ef108030ddcae3d695d1403c1cf13afc9b7b81b82cfce8ba932fbf9c,Video_Players_and_Editors
kinemaster,e92bb8707a846c823bbcb4029b2d7205e614ea56c2067f3f43e30884114d0414,Video_Players_and_Editors
video_to_audio,8919286e0b0c583c6d7b4bdb0295daf1a47dc196630d92c73b56676783ef9b98,Video_Players_and_Editors
tapas,deb75a435ddc91ef379254255cff85f3e472bd9db1fc8aea7717135323568486,Comics
webtoon,271303d308312b88a25d56d2d203c3b79bb16ae435d365969581d45b4012f87d,Comics
webcomics,a31647a50fb9d0942c8b4e3218a11f10105b15ebc4a0d51075f0562b963b95c3,Comics
inkr,7766730ba3a6036bf460445ee40158b2b405e85051737aa7689028e8594bc6d2,Comics
lezhin_comics,829c06587e9cf88b97d1d5de9e43649ae4cd6f6354b7ec75c28d68ed1621bda6,Comics
cartoon_video,671441397e5af21b14f85f6cb5b9229a7e5802ca0ffa5da33d19d1264140b0ea,Comics
toomics,c3151bf94d6e98e578fbf3e77c79a653a6f6f874fb2711fee2c0f5f112a33826,Comics
pocket_comics,0c2400df2a57b346f83f713697ee5155f400efe069e0e8b85afb5fd05ab1ca3b,Comics
president_game_security_car,0f1c23d7e27479f925aa4f67596387825cf698263bd6fb5229468447083a761e,Comics
comikey,f4e17acf427918fdb3f197532e3ec9d748e9cfe7542e6e6a5e40f63868d5cead,Comics
retouch_remove_object,2af4191464a2dc558ee70117ac565f85a6042e944529857f6b82b08f34ded174,Photography
beauty_camera,e72737f02a96477eb93e966617307358c899a12dea7acf9d56853613fd825650,Photography
pic_college,049300ccb7f854887ba610e20e1fdb3aa4406d6dafb84d122a2c644a353c88c2,Photography
remini,4b1fa1c633e01b168ef939e2dadb5474c978b9e38f15b7e237a9384d08b72c3c,Photography
passport_photo_maker,c426c4ecde9177a0c0e1b1647658a8f0e7de5cfa148cecfe736a966b2b6937fb,Photography
lightx,21454aab628e8f83cfe3c5056fdeac400eca31a3b6683a7a2d5d930bb6c7af4f,Photography
airbrush,2077d538d5ec3f5c4cb54964c1234d91adf6473888db83254ad5d4e015d48781,Photography
youcam_perfect,c3010154c527bc9f044310ae6ff6c308b894869dc6b862f65aa37c6ef464a526,Photography
hd_camara,9df5f472a61de440f186495bcabd50592e50b97b97f0712688534c869e808800,Photography
reface,095525028951b8d0a6f1f433504afd0e9d77fc9bc4a4b826765fb1a3f9a4d236,Photography
homeai_interior,a477cd40dbc08e84477ef9c94c6acc8ce0fdcacb6fad649db98f61b11ea82745,House_and_Home
colorsnap,7b05d071e6394a8f83d7b2e23693605250b277eed2a3dc61b8683a991739bca0,House_and_Home
realestate.com.au,55be76ac2558243554dd831e9dbdce1f454b7eec7ed0b46cdb283fc02f4319a9,House_and_Home
home_plan,d63b00b9b1326ac4cb06385067b515b8feff9e2294e80d03509b88bb95c5c708,House_and_Home
planner5d,c27767dc63d2b76db73c819b1cbb19f4a9449b1caf3067a89feffbe3404a0012,House_and_Home
paint_my_room,432b11e2954efa7a0674e2ffbe922b1fa4b021261d734ea755979383ad3db761,House_and_Home
house_design3d,0a04436794ef51bde0cc3f9393f34af6f9a2423e70a68998fdd03a4275888636,House_and_Home
venco,56dabdeb3c2f4bfb78bd089760f339b096d0727bcde09bc0397e5c96eaae02ef,House_and_Home
trulia_apartment,18891a96bf94863705ee2be7321c7ceba8a8d36bd4a6cd1a925302f7a71d963f,House_and_Home
houzz_interior_design,a362d9e65a6f60ee285330648f58b137b44352d23d9e49b62d39a153b0e5c02c,House_and_Home
lloyds_mobile_banking,62918253740bf5cf0462758768af038f778484b9287e1a8e3a43486d1da31bfe,Finance
fast_budget,e697cd177394870140c185b2baa26909e86019290441295552c4e3cc3fcddba3,Finance
finance,0352b146bb1a81560a0008d121283680efe5ab28c5603fee7dbfb8b81389041a,Finance
hiatus,f115221f282e533c582e2ef17675cf2b4b5384e9aad0bb5ed37702077a02ba4d,Finance
databanky,123b181e20d9722b7f9abcd2171856b6406b87474d74b2b91608dc6bfc2c43b6,Finance
xe_money_transfer,51e69a2f20da9f36b8f7e6d3b039066794270fdab2445c434a44ea1c0e676010,Finance
cards_mobile_wallet,02bdcf3f326004a481fdeb05264626dca3fa52b3558caae10c65b181d5296640,Finance
nfc_credit_card,4f969ea3d3d050dc5ed1869aecffec6cb31cb064cf9fe8547085f0a95ddd152a,Finance
bill_payment_organizer,6ee5fd8e2f28f8b7f1d8a80f6c87bce4c97c09231cf4d28dee4e606b9e3448f0,Finance
money_manager,306848c9c71f5adfe633592654147c53100529505966c816c641e30ccda9a031,Finance
