appId,icon,screenshots,title,score,genre,price,free,currency,video,videoImage,description,descriptionHTML,developer,installs
org.lds.ldstools,https://play-lh.googleusercontent.com/rZ7ljHlD60nmErx6_0OpNUDYPjTvb0RdrIgLbdDI_h1b3mmGwnII8dlJ6uyIk2nbghs,"['https://play-lh.googleusercontent.com/IReGW4MMeQXqfL1JD8jVIa5T3e3wj69zSXHCGDS1SvytM9bFpD8tpxKfRE9tMQL9MkU', 'https://play-lh.googleusercontent.com/G8LpEIaZ0krbaB7RQLrm5vpPRBo_Si76EETm6FcBPjZZtsIJZ6-gvTGP1cxFh4IG2YB6', 'https://play-lh.googleusercontent.com/0CSJK7EVrHvRRoBPu3GiRyWj2LjuEjRo3IqTf2cILstFN97vWmf3L8b05QBOpg1nI_M', 'https://play-lh.googleusercontent.com/onHFgTf9EHIZq2gR3NH_u5EqvgQWdBj0vCAA81b-9UMtv6Jk86E7SstVwnFEmKRrEKE', 'https://play-lh.googleusercontent.com/91lp7dcnwBwCNB-14af3FmuLJ4MlfUj7d3lGLxvrw2uNCK9bOtsIPH66cSmOhNbcpWRh', 'https://play-lh.googleusercontent.com/FNfIZen-ImNYAxwLi72jJLM2lkDhK-ditwsJIA2N6NKOYpWl1sbjMAlSblZshqB0Mu2I', 'https://play-lh.googleusercontent.com/eEpewz6X7IBFmxRH_UBnyJBmVAuUEuLD6iWiSv4_39UyjTfEuFBG8wyA1FCeB2Gi4Is', 'https://play-lh.googleusercontent.com/01cBuDGWYaoOzvoUrbI32vZsw6T65iOznAWfUFk2vcQd5XNfpAqxsdCjnBwK-6qL2Q1i', 'https://play-lh.googleusercontent.com/yGsvyC9pWur-K8duHhkT2nDD7sj6w3FHDFJgpwtZDYCEe4xw4e4M_tCOcyNBez3syA', 'https://play-lh.googleusercontent.com/NI937bDAdttkY9Ljwk7nSdqSt7vvyqJ27gpQI01-GkZXqacgen93HvFrz7EsUpk4hsk', 'https://play-lh.googleusercontent.com/f87A6hk0ggxc7eWp6GrHu7_JircE0RgblsIMze5Wplv97SJqjJzYM1J6bE-iKl0HaDx6', 'https://play-lh.googleusercontent.com/Uhky77F8U7xd2ur25_3PuPe1Hp9nzTAkVdqW10HPE0A3Elxkt59j1pbvCOd9m6XJ0Q', 'https://play-lh.googleusercontent.com/WTLLb8bhENokj2wyNYuXx9oGPU60b0FoavG6tZ_qYehII1Q-Ehf100bVtEKTfKx8pg', 'https://play-lh.googleusercontent.com/CxNo_bIPZQ__dHz5WeCkleeNufgJYZgCDAHgxLLlaLcVKlTLm8a0mKv8qexrW8BoFkaU', 'https://play-lh.googleusercontent.com/MG2o0uy5kx-2IztZ41aM_sufIzpW_4D7yYUUntQhThmq0OwAlpwHjLUXCc1hAF5tBfN-', 'https://play-lh.googleusercontent.com/q0ImwdmtfQ4aW8ijqERn-rLE6A2E1QYLLy7ZUJyYdJswO7AET-Fl4bdPdR460P-p-dWU', 'https://play-lh.googleusercontent.com/IFNGHOIrYVbANSapzTQR8LbguuD52QG3fkFKNUjXqgE7_UA0x8Dru4bmjoYsbr29h6s', 'https://play-lh.googleusercontent.com/KgQXGuOas2rx_yFntDxKnyahM-WROo4-aAkbPoSvgFI-MHu4iN-WIMdkETahdJA4Ua0', 'https://play-lh.googleusercontent.com/vgr5SbGhAl4DF1QJOy9MFM1T-qwDvPfanGyQRaCCQQRAzhMhMJlS01tecTYKcq3Xyw', 'https://play-lh.googleusercontent.com/kxYCymAAPa70PuX6NIBi_mdbysA0IIrsp-VF59MKOrqA5R3J2px85pwUwbiKXblWEDF2', 'https://play-lh.googleusercontent.com/J4ZxEstaC6HeHNd-gXm9N3GvadLuzu1vhAp_5_H6fCMuKTY4wVdEM9zpLObCXzk9ejk']",Member Tools,4.128845,Books & Reference,0,True,USD,,,"The Member Tools app provides members of The Church of Jesus Christ of Latter-day Saints with the ability to contact ward and stake members, access event calendars, and locate Church meetinghouses and temples. Leaders can also access additional membership information and reports.

‚Ä¢Messages. View messages with important updates or actions needed.
‚Ä¢Directory. View contact information and photos of members in your ward and stake.
‚Ä¢Organizations. View ward and stake callings by organization.
‚Ä¢Calendar. View event calendars for your ward and stake.
‚Ä¢Reports. Ward and stake leaders can access membership reports for members of their ward and stake.
‚Ä¢Manage Records. Bishops, branch presidents, and clerks can move records and record ordinances.
‚Ä¢Lists. Create custom lists of members in your ward and stake.
‚Ä¢Missionary. Access contact information for the full-time missionaries assigned to and serving from your ward or stake.
‚Ä¢Temples. View your assigned temple, temples nearest your current location, ordinance schedules, and temple recommend expiration reminders.
‚Ä¢Meetinghouses. Find meetinghouse locations and addresses, sacrament meeting times, and contact information for bishops.
‚Ä¢Finance. Organization presidencies can submit payment requests.","The Member Tools app provides members of The Church of Jesus Christ of Latter-day Saints with the ability to contact ward and stake members, access event calendars, and locate Church meetinghouses and temples. Leaders can also access additional membership information and reports.<br><br>‚Ä¢Messages. View messages with important updates or actions needed.<br>‚Ä¢Directory. View contact information and photos of members in your ward and stake.<br>‚Ä¢Organizations. View ward and stake callings by organization.<br>‚Ä¢Calendar. View event calendars for your ward and stake.<br>‚Ä¢Reports. Ward and stake leaders can access membership reports for members of their ward and stake.<br>‚Ä¢Manage Records. Bishops, branch presidents, and clerks can move records and record ordinances.<br>‚Ä¢Lists. Create custom lists of members in your ward and stake.<br>‚Ä¢Missionary. Access contact information for the full-time missionaries assigned to and serving from your ward or stake.<br>‚Ä¢Temples. View your assigned temple, temples nearest your current location, ordinance schedules, and temple recommend expiration reminders.<br>‚Ä¢Meetinghouses. Find meetinghouse locations and addresses, sacrament meeting times, and contact information for bishops.<br>‚Ä¢Finance. Organization presidencies can submit payment requests.",The Church of Jesus Christ of Latter-day Saints,"1,000,000+"
com.pcmehanik.smarttoolbox,https://play-lh.googleusercontent.com/eDVcRv2uqR_kTHbK0riFwESVO67qfOi6ATVtMFApXeJwyCzcHl4spwrPMpnMtbca8w,"['https://play-lh.googleusercontent.com/s5Dzl46DOTjVpoOBh88VFcW3J3UaAG_cAxknjyVsdkF_ozyHW7ZWYZ6aydxmxOGMmwzn', 'https://play-lh.googleusercontent.com/j7VBjyUv_eBHZk6SGDjqm0AeEoJNJEXwajEV6tovVJI0bJ7fEhPtmbQaJvsgFp90tdA', 'https://play-lh.googleusercontent.com/_IJRSghdVl6hnYvtQsL8bZWgz7l5VhCcAEpU6SbnnTkQNVJ9bu58_uD4TtD9zz6KIHA', 'https://play-lh.googleusercontent.com/6DgCAHOsWK0DHE6sygpq6CdN8CNjBxbNXLekXdRChrnJ4aS9RMDN1gQOP04TBSj6dQ', 'https://play-lh.googleusercontent.com/joXet1bCxwB5ekgBPyT9CjYRcptFf4O2Is7EDwsONGTYVkR9_lYnihpaMrNlOi_6yUXf', 'https://play-lh.googleusercontent.com/VV_J0nW6t-L2jOEtBV54A0wZ5w64_7uZP2hTAjyQNzwg89xDCaE9KcDMQCOtQUvsF3c', 'https://play-lh.googleusercontent.com/IsgV7LO2myMV3kvHP-v5teyxrhjg23H61qNOG6xZC5q245Xc5BZbRTPHfi8aoTGJIIQ', 'https://play-lh.googleusercontent.com/I1gWEgS70Q8F4ZAidzXqXSdcYAmwYmMpeSGBD3QKp3shP8QhnHBpQiqucYmhfaKVDLg', 'https://play-lh.googleusercontent.com/We8ly9S21Jhd0xJAvBPqcCT12FLnqj794UfBDv0HbrgaVcP6qm-jGBbD0OpQeKZXJXZ4', 'https://play-lh.googleusercontent.com/D5XWTLmwRFYCsKr86GjJCDbDdbp1hiC9ozM1ypcgKfPaGfHUJAfQmaoRwniysYvQ7A', 'https://play-lh.googleusercontent.com/RYwcJVeonYBhwiTCOKuYHSujR9QSAoovP08ulWvJaIkTEFEK0Yp5F2B8mTDT0VLrcA', 'https://play-lh.googleusercontent.com/p1PLVGrX3N6I_-3aGG1q9XBaJdI24Gu0ZaUeZqW-agSSutOJs8Zcgyz0UjvfoWISeQ']",Smart Tools - Utilities,4.356383,Tools,0,True,USD,,,"Smart Tools is a handy kit of tools with 40+ carpenter, construction, measure and other tools and utilities. Use device's in-built sensors in all in one toolbox app, handy like a swiss army knife.

Carpenter + construction tools kit:
Ruler;
Bubble level;
Laser level;
Light: Manual torch light, strobe light or a sound driven light show;
Protractor;
Magnifier.

Measure tools kit:
dB level: Measure the sound dB level and its spectrum;
Location (map) with altimeter;
Distance meter;
Stopwatch;
Thermometer;
Magnetic field meter (metal detector);
Vibration level meter;
Luminosity (LUX) level meter;
Color sensor;
Speedometer;
Compass;
Battery tester;
Network speed test;
Drag Racing.

Other handy utilities kit:
Unit, currency and size converter;
Calculator;
Code scanner: QR code and bar code;
Text scanner;
NFC scanner;
Accelerometer;
Time zones;
Mirror;
Dog whistle;
Microphone;
Metronome;
Pitch tuner;
Counter;
Random generator;
Pedometer;
Body mass index;
Period tracker;
Translator;
Notepad.

Free app with ads, option to remove it.

You can create separate shortcuts for each tool from the kit.

Toolbox supports all device brands and several languages, but not all models have the appropriate sensors to support all tools and utilities, especially from the measure kit.","Smart Tools is a handy kit of tools with 40+ carpenter, construction, measure and other tools and utilities. Use device&#39;s in-built sensors in all in one toolbox app, handy like a swiss army knife.<br><br>Carpenter + construction tools kit:<br>Ruler;<br>Bubble level;<br>Laser level;<br>Light: Manual torch light, strobe light or a sound driven light show;<br>Protractor;<br>Magnifier.<br><br>Measure tools kit:<br>dB level: Measure the sound dB level and its spectrum;<br>Location (map) with altimeter;<br>Distance meter;<br>Stopwatch;<br>Thermometer;<br>Magnetic field meter (metal detector);<br>Vibration level meter;<br>Luminosity (LUX) level meter;<br>Color sensor;<br>Speedometer;<br>Compass;<br>Battery tester;<br>Network speed test;<br>Drag Racing.<br><br>Other handy utilities kit:<br>Unit, currency and size converter;<br>Calculator;<br>Code scanner: QR code and bar code;<br>Text scanner;<br>NFC scanner;<br>Accelerometer;<br>Time zones;<br>Mirror;<br>Dog whistle;<br>Microphone;<br>Metronome;<br>Pitch tuner;<br>Counter;<br>Random generator;<br>Pedometer;<br>Body mass index;<br>Period tracker;<br>Translator;<br>Notepad.<br><br>Free app with ads, option to remove it.<br><br>You can create separate shortcuts for each tool from the kit.<br><br>Toolbox supports all device brands and several languages, but not all models have the appropriate sensors to support all tools and utilities, especially from the measure kit.",PC Mehanik,"1,000,000+"
com.sec.android.app.sbrowser,https://play-lh.googleusercontent.com/wFAmWrV_t9YT75C6Vbyl1UupslTlq_lm7AcEPamSvWbqumIqKYfTpV_Ro_iC0fAjAQU,"['https://play-lh.googleusercontent.com/6YNT9Q1NaD_GlpEJ08oau2lhWBI7Y5nA2QXL8bameC9zsJkntFVoR5kwKZajYng_4P0', 'https://play-lh.googleusercontent.com/YwZS-Z4w609DPMhOxmKZyLQaVW3MuONxETka6Pf90LGX3PXUHxompP2v3Ic_4IWudrr8', 'https://play-lh.googleusercontent.com/Jz0QL7vdAGLdefYvg2-wx90ys_r7a-ThA-x9GQnZ0Ep60JQDJVYO_u7R9BI01weehQ', 'https://play-lh.googleusercontent.com/fD1z8A0Ltvt5UWdUSl4n-dl21QDTdO6-qgMwyECxKo4j5-k0oDV3n6J5YEgSHdasjgw', 'https://play-lh.googleusercontent.com/dHnWGdAqlNHBYG7SZAt4do0HgoBQLII2Ad3yVDEODBwOBHio8Ubj6iTXkvwbrqQ68Ic', 'https://play-lh.googleusercontent.com/mGf2cruurbhvLHnmtjZJrl9nDAOQi5z7hU6hRN0m8hPIlq7emKVJTwWaOkIrNMnp1jbG', 'https://play-lh.googleusercontent.com/NyJucdN2YBaxeYaqbKs0GGFJQ8vkJtl0BWdvddHwT-pMi9GXMto0VysZ3vSNHwUKSqM', 'https://play-lh.googleusercontent.com/lz8CQsAdZ_omIYryx31XE7ukYhJIm550_B4JOo6ehgud9A8JsWgraFmYfD5bJUorp46U', 'https://play-lh.googleusercontent.com/zlusT3SKgIZjxW5Uvl9tAmcZ5Ltu6o8HSDmuQf5zvqpfA64na1j5ewR6_lKAbO1T8VUL', 'https://play-lh.googleusercontent.com/9Z4w3Ig8gyi6f1WaZSK4fb64mZR_dKG4htA02F6x1NvXO5eMoR_E2aqsKwZ0rlwftgg', 'https://play-lh.googleusercontent.com/xcjYqozfaKFbw62wK3Wv2Hje6zD6Fz20h4U6lHkSf9_v7MyNu7B0f2z0RSNXDbK5y4Yc', 'https://play-lh.googleusercontent.com/0MsU_BtC2Fm0tiAOndwjV0BztvDzvpeSfKb7d0eyj2OqbsSBbtFGhy5rxrzhgOhOsbmw', 'https://play-lh.googleusercontent.com/KhsPFAc7XVWbwwuxOR7Eq8spqqu9v-T0bUMhXn0VDkepjW6wG0ebmdTqyY0eLW7_XK8', 'https://play-lh.googleusercontent.com/hskPqu7BBFxyG-dqo6XPlRKMy7v2i0mbBkA3cIH7IhRd7W-uvQ202JWFfRso8WWPfBE', 'https://play-lh.googleusercontent.com/pL1DKENVL1ZHZWsBuMGOBsRUkDuGJEDAFQojRZQRbg1YyadN3j8i6EQSXVQKJnEbLLs']",Samsung Internet Browser,4.1055155,Communication,0,True,USD,,,"Samsung Internet provides the best web browsing experience for you with Video Assistant, Dark Mode, Customize menu, Extensions such as Translator, and by protecting your privacy with Secret mode, Smart Anti-Tracking and Smart Protection.

Samsung Internet is available on Galaxy Watch devices that support Wear OS. (‚Äª Galaxy Watch4 series and models released later)

‚ñ† New Features for you
* Provides an option to move the Tab Bar and Bookmark Bar to the bottom
The support scope has been expanded so that the Tab Bar and Bookmark Bar can be moved to the bottom.

* Provides an option to move the URL bar to the bottom of a tablet device
You can also move the URL bar to the bottom on a tablet device.

‚ñ† Security & Privacy
Samsung Internet helps you protect your security and privacy while browsing the Internet.

* Smart Anti-Tracking
Intelligently identify domains which have cross-site tracking ability and block storage (cookie) access.

* Protected Browsing
We will warn you before you can view known malicious sites to prevent you from visiting web sites which may try to steal your data.

* Content Blockers
Samsung Internet for Android allows 3rd party apps to provide filters for content blocking, making browsing safer and more streamlined.

The following permissions are required for the app service.
For optional permissions, the default functionality of the service is turned on, but not allowed.

[Required permissions]
none

[Optional permissions]
Location: Used to provide location-based content requested by the user or location information requested by the webpage in use
Camera: Used to provide webpage shooting function and QR code shooting function
Microphone: Used to provide recording function on webpage
Contacts: To upload the Contacts on the webpage
Phone: (Android 11) Requires access permission to check the mobile phone information in order to provide country-specific feature optimization
Nearby devices: (Android 12 or higher) To find and connect to nearby Bluetooth devices when requested by the website
Music and audio: (Android 13 or higher) To upload audio files on webpages
Photos and videos: (Android 13 or higher) To upload photos and videos on webpages
Files and media: (Android 12 or lower) To upload files stored in storage spaces on webpages
Notifications: (Android 13 or higher) To display the download progress and website notifications","Samsung Internet provides the best web browsing experience for you with Video Assistant, Dark Mode, Customize menu, Extensions such as Translator, and by protecting your privacy with Secret mode, Smart Anti-Tracking and Smart Protection.<br><br>Samsung Internet is available on Galaxy Watch devices that support Wear OS. (‚Äª Galaxy Watch4 series and models released later)<br><br>‚ñ† New Features for you<br>* Provides an option to move the Tab Bar and Bookmark Bar to the bottom<br>The support scope has been expanded so that the Tab Bar and Bookmark Bar can be moved to the bottom.<br><br>* Provides an option to move the URL bar to the bottom of a tablet device<br>You can also move the URL bar to the bottom on a tablet device.<br><br>‚ñ† Security &amp; Privacy<br>Samsung Internet helps you protect your security and privacy while browsing the Internet.<br><br>* Smart Anti-Tracking<br>Intelligently identify domains which have cross-site tracking ability and block storage (cookie) access.<br><br>* Protected Browsing<br>We will warn you before you can view known malicious sites to prevent you from visiting web sites which may try to steal your data.<br><br>* Content Blockers<br>Samsung Internet for Android allows 3rd party apps to provide filters for content blocking, making browsing safer and more streamlined.<br><br>The following permissions are required for the app service.<br>For optional permissions, the default functionality of the service is turned on, but not allowed.<br><br>[Required permissions]<br>none<br><br>[Optional permissions]<br>Location: Used to provide location-based content requested by the user or location information requested by the webpage in use<br>Camera: Used to provide webpage shooting function and QR code shooting function<br>Microphone: Used to provide recording function on webpage<br>Contacts: To upload the Contacts on the webpage<br>Phone: (Android 11) Requires access permission to check the mobile phone information in order to provide country-specific feature optimization<br>Nearby devices: (Android 12 or higher) To find and connect to nearby Bluetooth devices when requested by the website<br>Music and audio: (Android 13 or higher) To upload audio files on webpages<br>Photos and videos: (Android 13 or higher) To upload photos and videos on webpages<br>Files and media: (Android 12 or lower) To upload files stored in storage spaces on webpages<br>Notifications: (Android 13 or higher) To display the download progress and website notifications","Samsung Electronics Co.,  Ltd.","1,000,000,000+"
app.bestsimple.kindgpt,https://play-lh.googleusercontent.com/jpplWk9UGHS0pTWmHK5KNpz_VaJd7PNLDxFSo9VXYO05heGKAi6aGUi_UDvACV3R388,"['https://play-lh.googleusercontent.com/-qfZDikq1vLCMCKr2dn6gYuakPjsm0Hzg_SSAWHV9U0PNk8j8ovUcygrVEW2tLTFIw', 'https://play-lh.googleusercontent.com/__3XgKHNPVa0cVtcwNdqNnA2Hrj562V7jDvuD_1A-BVOqR7XzCqtp3e6BPyU9yNTEdI', 'https://play-lh.googleusercontent.com/5wgFu56PQrCVQizwy5K0Zwz6SWwPO4YyGpdlBOrVbcMBcDQlPnGS8yseturt0PdvQQ', 'https://play-lh.googleusercontent.com/l1POro9SlxOqIVLbOC47saNxiY7U6hFjmG61HpE_5afeuIuD7uhi4vvZWwdnu_YCwrE', 'https://play-lh.googleusercontent.com/Ia0H0DO4UsB0uaZZ3t6aAiqZ-ja_LE7-bGiKzH4s27zL4lpclqUpCag9Kly-aDW_lNs', 'https://play-lh.googleusercontent.com/TR1TaIQ4UYZ83d8kQ0SsjI-bFIe9spbBY02sz9fBfNEGBN2N95Tlud1qXPpRdbnHDJQ']",BotHub AI Chatbot Hub,3.625,Productivity,0,True,USD,,,"BotHub - the ultimate hub for Best GPT-powered services and chatbots! With our state-of-the-art app, you can easily access and manage your favorite GPT services from various companies, all in one place. Plus, our intelligent chatbot feature allows for natural and intuitive conversations with any GPT-powered chatbot you choose to connect with.

Our app is designed with the latest advancements in AI technology, including the GPT-3.5 architecture, to ensure a seamless and reliable experience. You can customize your preferences and easily switch between different GPT services and chatbots, all from within the KindGPT app.

List of currently available partners

- Ph.D: Answer any questions
- Multilingual: foreign language friend
- Ghostwriter: We will write the necessary text for you.
- Proofreader: Corrects grammar and spelling.
- Designer: Create photos without worrying about copyright
- Chef: Recommend recipes
- Psychotherapist: Counseling for troubles in the heart
- Summarization Expert: Easily summarizes long texts","BotHub - the ultimate hub for Best GPT-powered services and chatbots! With our state-of-the-art app, you can easily access and manage your favorite GPT services from various companies, all in one place. Plus, our intelligent chatbot feature allows for natural and intuitive conversations with any GPT-powered chatbot you choose to connect with.<br><br>Our app is designed with the latest advancements in AI technology, including the GPT-3.5 architecture, to ensure a seamless and reliable experience. You can customize your preferences and easily switch between different GPT services and chatbots, all from within the KindGPT app.<br><br>List of currently available partners<br><br>- Ph.D: Answer any questions<br>- Multilingual: foreign language friend<br>- Ghostwriter: We will write the necessary text for you.<br>- Proofreader: Corrects grammar and spelling.<br>- Designer: Create photos without worrying about copyright<br>- Chef: Recommend recipes<br>- Psychotherapist: Counseling for troubles in the heart<br>- Summarization Expert: Easily summarizes long texts",3mins.dev,"5,000+"
com.tiptop.ai.chat.gpt,https://play-lh.googleusercontent.com/Uva9s58009kp3Vblg4PS46j0_VgUzQ-AWdGUicrBAqfXnGhUdwYT-6nW4VMxwc-gTw,"['https://play-lh.googleusercontent.com/3OGh_zv_x1Dp_ou6EEueKx3rxl00oZAkvI5wTEr3_k2sCShHqjSMFEzuM6htJs21wUQ', 'https://play-lh.googleusercontent.com/sjtAXFpaKGMIScO9NgUV_2mXYtAhqG17nW5XND-bEA8iddSFNFSIts4aRbOlZuEH5g', 'https://play-lh.googleusercontent.com/Zdkrkyo6KOJUyRydVy3w7IBokgLfSfMhGB4EjVG9K4hNK-mW97hwJMV-kHJCeaPHPNY', 'https://play-lh.googleusercontent.com/d2wBCabJDlB4mB59TPVdlXXYQtOuKajlTMp5DkQIkF-Ad6wBaC52YX8M8UFxygVhOsrB', 'https://play-lh.googleusercontent.com/cWFz-yPj2rx_E8k9Djunc9pFkUubf2oQIzXWXNO735IlR7jBlga2ZMW6Uy8PpIvr2fZB', 'https://play-lh.googleusercontent.com/cCaT7SNOtRRBkfLIqaBpp4D_AjcNgDhqsTC5dvNhdXwMPKsckqgvfZqlt9XilXdTdS4']",AI Chat-AI Chatbot Assistant,4.059406,Tools,0,True,USD,,,"Introducing ""Chat AI"", a groundbreaking AI chatbot that runs on the advanced ChatGPT, GPT-3, and GPT-4 API technologies.

Key features include:

Powered by ChatGPT and GPT-4 API
Unlimited question-and-answer interactions
Support for over 140 languages
Ability to engage in seamless conversations with the AI chatbot (with full chat history saved)
Feel free to inquire about anything you desire. Here are some examples of how AI Chat-powered by ChatGPT and GPT-4 API:

„Äê üìÖ‚è∞ PERSONAL ASSISTANT „Äë
Chat AI can be your personal assistant powered by ChatGPT and GPT-4 API, scheduling appointments, setting reminders, and managing your daily tasks to help you stay organized and on top of things.

„Äê üôã‚Äç‚ôÄÔ∏èüí¨ CUSTOMER SUPPORT „Äë
Use Chat AI as your customer support representative with the power of ChatGPT and GPT-4 API. It can provide instant assistance and answer common questions related to your product or service, improving overall customer satisfaction.

„Äê üõçÔ∏èüí∏ SHOPPING HELPER „Äë
Chat AI can become your shopping helper using ChatGPT and GPT-4 API. It can suggest products, compare prices, and even make purchases on your behalf, making your online shopping experience more convenient and enjoyable.

„Äê üöóüó∫Ô∏è NAVIGATION TOOL „Äë
Powered by ChatGPT and GPT-4 API, Chat AI can function as a navigation tool, helping you find directions, locate points of interest, and plan your route for a stress-free driving experience.

„Äê üìäüí° BUSINESS ANALYST „Äë
Leverage the power of ChatGPT and GPT-4 AI to use Chat AI as your business analyst. It can assist in forecasting sales, analyzing market trends, and providing insights that can help improve your business strategy and decisions.

„Äê üìùüë®‚Äçüíª AI WRITING „Äë
Chat AI can also be used for AI writing, powered by ChatGPT and GPT-4 API. It can generate high-quality content for various purposes, such as blogs, articles, or social media posts, with a human-like writing style.

„Äê üíªü§ñ AI PROGRAMMING „Äë
With the power of ChatGPT and GPT-4 API, Chat AI can also be used as an AI programming assistant. It can help you write code, debug errors, and provide suggestions for improvement, making your programming tasks more efficient and effective.

Experience the future with ""Chat AI"" ‚Äì the most sophisticated, free chatbot available on Google Play. Download now and start conversing with the most intelligent AI, harnessing the power of ChatGPT and GPT-4!","Introducing &quot;Chat AI&quot;, a groundbreaking AI chatbot that runs on the advanced ChatGPT, GPT-3, and GPT-4 API technologies.<br><br>Key features include:<br><br>Powered by ChatGPT and GPT-4 API<br>Unlimited question-and-answer interactions<br>Support for over 140 languages<br>Ability to engage in seamless conversations with the AI chatbot (with full chat history saved)<br>Feel free to inquire about anything you desire. Here are some examples of how AI Chat-powered by ChatGPT and GPT-4 API:<br><br>„Äê üìÖ‚è∞ PERSONAL ASSISTANT „Äë<br>Chat AI can be your personal assistant powered by ChatGPT and GPT-4 API, scheduling appointments, setting reminders, and managing your daily tasks to help you stay organized and on top of things.<br><br>„Äê üôã‚Äç‚ôÄÔ∏èüí¨ CUSTOMER SUPPORT „Äë<br>Use Chat AI as your customer support representative with the power of ChatGPT and GPT-4 API. It can provide instant assistance and answer common questions related to your product or service, improving overall customer satisfaction.<br><br>„Äê üõçÔ∏èüí∏ SHOPPING HELPER „Äë<br>Chat AI can become your shopping helper using ChatGPT and GPT-4 API. It can suggest products, compare prices, and even make purchases on your behalf, making your online shopping experience more convenient and enjoyable.<br><br>„Äê üöóüó∫Ô∏è NAVIGATION TOOL „Äë<br>Powered by ChatGPT and GPT-4 API, Chat AI can function as a navigation tool, helping you find directions, locate points of interest, and plan your route for a stress-free driving experience.<br><br>„Äê üìäüí° BUSINESS ANALYST „Äë<br>Leverage the power of ChatGPT and GPT-4 AI to use Chat AI as your business analyst. It can assist in forecasting sales, analyzing market trends, and providing insights that can help improve your business strategy and decisions.<br><br>„Äê üìùüë®‚Äçüíª AI WRITING „Äë<br>Chat AI can also be used for AI writing, powered by ChatGPT and GPT-4 API. It can generate high-quality content for various purposes, such as blogs, articles, or social media posts, with a human-like writing style.<br><br>„Äê üíªü§ñ AI PROGRAMMING „Äë<br>With the power of ChatGPT and GPT-4 API, Chat AI can also be used as an AI programming assistant. It can help you write code, debug errors, and provide suggestions for improvement, making your programming tasks more efficient and effective.<br><br>Experience the future with &quot;Chat AI&quot; ‚Äì the most sophisticated, free chatbot available on Google Play. Download now and start conversing with the most intelligent AI, harnessing the power of ChatGPT and GPT-4!",Tiptop AI,"10,000+"
com.android.chrome,https://play-lh.googleusercontent.com/KwUBNPbMTk9jDXYS2AeX3illtVRTkrKVh5xR1Mg4WHd0CG2tV4mrh1z3kXi5z_warlk,"['https://play-lh.googleusercontent.com/zNteEAWnOwZ9rSewvLziSgcK-jApPMf3SouV8e0aaDpSq71IKa82_PSguI63CWEjV2M', 'https://play-lh.googleusercontent.com/lMbdwtu9mb66J9xRxxYH9vtobiZl_cnGfnHhguDkKb9LxJQUAS_UtaYzI8K0NS5QftE', 'https://play-lh.googleusercontent.com/y5GT4zTZ3YXHhv3QtBncGfY2pkhRMI2mKPbCZZFdt6TFWTze2cLXZyg7mB2LK0eFDi0', 'https://play-lh.googleusercontent.com/U9XY-94HuDW-2cxBLFIhi36A4JRt9Ms6dY7ub0Rf3iemw3YQQCobsNauAqDPebdKhuWU', 'https://play-lh.googleusercontent.com/MRZKshNGEi-wVk53EtE9bTp_I-9CgYcs-f_90AZSVEQpCcnTYV46IWSyekPJY25SZg', 'https://play-lh.googleusercontent.com/-QHfi5H3KIRHqdoDCFDnUufTnXEBsEv3XVOBciwG3mbez3VlkLHeYzkyg2RPiFNm2w', 'https://play-lh.googleusercontent.com/vOSF2p-5kGwniGEuEgHosf5OqpDpkgAbgvKSIeFbTQP7l9Lsil66JcBspO3GOgrIfB8', 'https://play-lh.googleusercontent.com/dj-LDG9XEV8JwOCrd83jLE3zQ1SWEV3voBh5PpQp0vJrM_JTFcOq1Ll2mRb6Hws3wScI', 'https://play-lh.googleusercontent.com/Xw_XXywJEKl4M07s5ypywlRXs0AvxN7z_UEFC6tKkouqHrfZhZOVjioia24l9FdoZtw', 'https://play-lh.googleusercontent.com/rww2HBAUfiFAQkMJYXSCxPdyB6Rn5GQOP8AOQdff7MNE8tOwyI64zKv2nAy_GrzsxLE', 'https://play-lh.googleusercontent.com/kF9KmUnlwtt9KYqa6AbF3BhwZp0v9K-4w6084QVVSY8AqL5ZQKC_kQ_WcCMX9hLxEYk', 'https://play-lh.googleusercontent.com/uu_ARWvPuak3dYmbAigXQjQB0KuSRZUKc19uitq1LqZG7IqI3dcy7LOxZoNLQdDD7m0', 'https://play-lh.googleusercontent.com/IfK_gtt2K5WNnQoxF--XaklYaPvgR4SGln9QXycCgeUeB3E_nYb8bzlnAv5rQjPhJZVr', 'https://play-lh.googleusercontent.com/jEM-pd1SnU9jW5qtrsYT3v-6x0pDkZBuEdQ6keK9sA-zMvHUVlixu1ExOPaxe4l95u8', 'https://play-lh.googleusercontent.com/yZPtmF--wo_V78QRe00YWjnHBnTISZZJeSo4WbSsJpFBRI1MNsv6sN1UxRBIK6mbtQ']",Google Chrome: Fast & Secure,4.092863,Communication,0,True,USD,,,"Google Chrome is a fast, easy to use, and secure web browser. Designed for Android, Chrome brings you personalized news articles, quick links to your favorite sites, downloads, and Google Search and Google Translate built-in. Download now to enjoy the same Chrome web browser experience you love across all your devices.
        
        <b>Browse fast and type less.</b> Choose from personalized search results that instantly appear as you type and quickly browse previously visited web pages. Fill in forms quickly with Autofill.
        
        <b>Incognito Browsing.</b> Use Incognito mode to browse the internet without saving your history. Browse privately across all your devices.
        
        <b>Sync Chrome Across Devices.</b> When you sign into Chrome, your bookmarks, passwords, and settings will be automatically synced across all your devices. You can seamlessly access all your information from your phone, tablet, or laptop.
        
        <b>All your favorite content, one tap away.</b> Chrome is not just fast for Google Search, but designed so you are one tap away from all your favorite content. You can tap on your favorite news sites or social media directly from the new tab page. Chrome also has the ‚ÄúTap to Search‚Äù- feature on most webpages. You can tap on any word or phrase to start a Google search while still in the page you are enjoying.
        
        <b>Protect your phone with Google Safe Browsing.</b> Chrome has Google Safe Browsing built-in. It keeps your phone safe by showing warnings to you when you attempt to navigate to dangerous sites or download dangerous files.
        
        <b>Fast downloads and view web pages and videos offline</b> Chrome has a dedicated download button, so you can easily download videos, pictures, and entire webpages with just one tap. Chrome also has downloads home right inside Chrome, where you can access all the content you downloaded, even when you are offline.
        
        <b>Google Voice Search.</b> Chrome gives you an actual web browser you can talk to. Use your voice to find answers on-the-go without typing and go hands free. You can browse and navigate quicker using your voice anywhere, anytime.
        
        <b>Google Translate built-in: Quickly translate entire web pages.</b> Chrome has Google Translate built in to help you to translate entire web to your own language with one tap.
                
        <b>Smart personalized recommendations.</b> Chrome creates an experience that is tailored to your interests.  On the new tab page, you will find articles that Chrome selected based on your previous browsing history.","Google Chrome is a fast, easy to use, and secure web browser. Designed for Android, Chrome brings you personalized news articles, quick links to your favorite sites, downloads, and Google Search and Google Translate built-in. Download now to enjoy the same Chrome web browser experience you love across all your devices.<br>        <br>        <b>Browse fast and type less.</b> Choose from personalized search results that instantly appear as you type and quickly browse previously visited web pages. Fill in forms quickly with Autofill.<br>        <br>        <b>Incognito Browsing.</b> Use Incognito mode to browse the internet without saving your history. Browse privately across all your devices.<br>        <br>        <b>Sync Chrome Across Devices.</b> When you sign into Chrome, your bookmarks, passwords, and settings will be automatically synced across all your devices. You can seamlessly access all your information from your phone, tablet, or laptop.<br>        <br>        <b>All your favorite content, one tap away.</b> Chrome is not just fast for Google Search, but designed so you are one tap away from all your favorite content. You can tap on your favorite news sites or social media directly from the new tab page. Chrome also has the ‚ÄúTap to Search‚Äù- feature on most webpages. You can tap on any word or phrase to start a Google search while still in the page you are enjoying.<br>        <br>        <b>Protect your phone with Google Safe Browsing.</b> Chrome has Google Safe Browsing built-in. It keeps your phone safe by showing warnings to you when you attempt to navigate to dangerous sites or download dangerous files.<br>        <br>        <b>Fast downloads and view web pages and videos offline</b> Chrome has a dedicated download button, so you can easily download videos, pictures, and entire webpages with just one tap. Chrome also has downloads home right inside Chrome, where you can access all the content you downloaded, even when you are offline.<br>        <br>        <b>Google Voice Search.</b> Chrome gives you an actual web browser you can talk to. Use your voice to find answers on-the-go without typing and go hands free. You can browse and navigate quicker using your voice anywhere, anytime.<br>        <br>        <b>Google Translate built-in: Quickly translate entire web pages.</b> Chrome has Google Translate built in to help you to translate entire web to your own language with one tap.<br>                <br>        <b>Smart personalized recommendations.</b> Chrome creates an experience that is tailored to your interests.  On the new tab page, you will find articles that Chrome selected based on your previous browsing history.",Google LLC,"10,000,000,000+"
com.azure.authenticator,https://play-lh.googleusercontent.com/_1CV99jklLbXuun-6E7eCPR-sKKeZc602rhw_QHZz-qm7xrPdgWsJVc7NtFkkliI8No,"['https://play-lh.googleusercontent.com/9GzcbWjTFz3cTg3GESa_N4jxI8tgYLWss6Vd8Rzq7Bz-EF_tfylOFEjoSSk-2ZY-IuE', 'https://play-lh.googleusercontent.com/HTfUyZuBNF9h5UmC9eOnB3IgyhzLX0H0TFV-4dM7_lzmzvwytQceAgJM3KjJjb-uJ5A', 'https://play-lh.googleusercontent.com/VouD-wVsTkuTMKNmqhKAjo9xrPhZctPV_D_HXcwAqY8hGwODYFhxL2HhF8DK5zZw_6o', 'https://play-lh.googleusercontent.com/JyfAlzexVHpdR0PkPgnBWpMCv4rXfZribadqIAmimexIj_szdNhDurkN-Q7iilqVUrY', 'https://play-lh.googleusercontent.com/NPO0ocykdPA_YvW2k7cWmk9-yQK1dpDLvP6yhfTzMEAZHQRFgZvttXxVMsGVhNDw5U8', 'https://play-lh.googleusercontent.com/7okgWYLFZ-hLxTvtGQ1Z7IqqhgPwSd06GMGQLSR8DaAwXpDiFZe6DtCdoIWyRlgiww']",Microsoft Authenticator,4.6583257,Business,0,True,USD,,,"Use Microsoft Authenticator for easy, secure sign-ins for all your online accounts using multi-factor authentication, passwordless, or password autofill. You also have additional account management options for your Microsoft personal, work or school accounts.

Getting started with multi-factor authentication
Multi factor authentication (MFA) or two factor authentication (2FA) provides a second layer of security. When logging in with multi-factor authentication, you‚Äôll enter your password, and then you‚Äôll be asked for an additional way to prove it‚Äôs really you. Either approve the notification sent to the Microsoft Authenticator, or enter the one-time password (OTP) generated by the app.‚ÄØThe one-time passwords (OTP codes) have a 30 second timer counting down. This timer is so you never have to use the same time-based one-time password (TOTP) twice and you don‚Äôt have to remember the number. The one-time password (OTP) doesn‚Äôt require you to be connected to a network, and it won‚Äôt drain your battery. You can add multiple accounts to your app, including non-Microsoft accounts like Facebook, Amazon, Dropbox, Google, LinkedIn, GitHub, and more.

Getting started with passwordless
Use your phone, not your password, to log into your Microsoft account. Just enter your username, then approve the notification sent to your phone. Your fingerprint, face ID, or PIN will provide a second layer of security in this two-step verification process. After you‚Äôve signed in with two factor authentication (2FA), you‚Äôll have access to all your Microsoft products and services, such as Outlook, OneDrive, Office, and more.

Getting started with autofill
Microsoft Authenticator app can also autofill passwords for you. Sign-in on the Passwords tab inside the Authenticator app with your personal Microsoft account to start syncing passwords, including the passwords saved in Microsoft Edge. Make Microsoft Authenticator the default autofill provider and start autofilling passwords on apps and sites you visit on your mobile. Your passwords are protected with multi-factor authentication in the app. You will need to prove yourself with your fingerprint, face ID, or PIN to access and autofill passwords on your mobile. You can also import passwords from Google Chrome and other password managers.

Microsoft personal, work or school accounts
Sometimes your work or school might ask you to install the Microsoft Authenticator when accessing certain files, emails, or apps. You will need to register your device to your organization through the app and add your work or school account. Microsoft Authenticator also supports cert-based authentication by issuing a certificate on your device. This will let your organization know that the sign-in request is coming from a trusted device and help you seamlessly and securely access additional Microsoft apps and services without needing to log into each. Because Microsoft Authenticator supports single sign-on, once you have proven your identity once, you will not need to log in again to other Microsoft apps on your device.

Optional Access permissions: 
Microsoft Authenticator includes the following optional access permissions. All these require user consent. If you choose to not grant these optional access permissions, you can still use Microsoft Authenticator for other services that do not require such permission. For more information see https://aka.ms/authappfaq
Accessibility Service:  Used to optionally support Autofill on more apps and sites.
Location: Sometimes your organization wants to know your location before allowing you to access certain resources. The app will request this permission only if your organization has a policy requiring location.
Camera: Used to scan QR codes when you add a work, school, or non-Microsoft account.
Read the contents of your storage: This permission is only used when you report a technical problem through the app settings. Some information from your storage is collected to diagnose the issue.","Use Microsoft Authenticator for easy, secure sign-ins for all your online accounts using multi-factor authentication, passwordless, or password autofill. You also have additional account management options for your Microsoft personal, work or school accounts.<br><br>Getting started with multi-factor authentication<br>Multi factor authentication (MFA) or two factor authentication (2FA) provides a second layer of security. When logging in with multi-factor authentication, you‚Äôll enter your password, and then you‚Äôll be asked for an additional way to prove it‚Äôs really you. Either approve the notification sent to the Microsoft Authenticator, or enter the one-time password (OTP) generated by the app.‚ÄØThe one-time passwords (OTP codes) have a 30 second timer counting down. This timer is so you never have to use the same time-based one-time password (TOTP) twice and you don‚Äôt have to remember the number. The one-time password (OTP) doesn‚Äôt require you to be connected to a network, and it won‚Äôt drain your battery. You can add multiple accounts to your app, including non-Microsoft accounts like Facebook, Amazon, Dropbox, Google, LinkedIn, GitHub, and more.<br><br>Getting started with passwordless<br>Use your phone, not your password, to log into your Microsoft account. Just enter your username, then approve the notification sent to your phone. Your fingerprint, face ID, or PIN will provide a second layer of security in this two-step verification process. After you‚Äôve signed in with two factor authentication (2FA), you‚Äôll have access to all your Microsoft products and services, such as Outlook, OneDrive, Office, and more.<br><br>Getting started with autofill<br>Microsoft Authenticator app can also autofill passwords for you. Sign-in on the Passwords tab inside the Authenticator app with your personal Microsoft account to start syncing passwords, including the passwords saved in Microsoft Edge. Make Microsoft Authenticator the default autofill provider and start autofilling passwords on apps and sites you visit on your mobile. Your passwords are protected with multi-factor authentication in the app. You will need to prove yourself with your fingerprint, face ID, or PIN to access and autofill passwords on your mobile. You can also import passwords from Google Chrome and other password managers.<br><br>Microsoft personal, work or school accounts<br>Sometimes your work or school might ask you to install the Microsoft Authenticator when accessing certain files, emails, or apps. You will need to register your device to your organization through the app and add your work or school account. Microsoft Authenticator also supports cert-based authentication by issuing a certificate on your device. This will let your organization know that the sign-in request is coming from a trusted device and help you seamlessly and securely access additional Microsoft apps and services without needing to log into each. Because Microsoft Authenticator supports single sign-on, once you have proven your identity once, you will not need to log in again to other Microsoft apps on your device.<br><br>Optional Access permissions: <br>Microsoft Authenticator includes the following optional access permissions. All these require user consent. If you choose to not grant these optional access permissions, you can still use Microsoft Authenticator for other services that do not require such permission. For more information see https://aka.ms/authappfaq<br>Accessibility Service:  Used to optionally support Autofill on more apps and sites.<br>Location: Sometimes your organization wants to know your location before allowing you to access certain resources. The app will request this permission only if your organization has a policy requiring location.<br>Camera: Used to scan QR codes when you add a work, school, or non-Microsoft account.<br>Read the contents of your storage: This permission is only used when you report a technical problem through the app settings. Some information from your storage is collected to diagnose the issue.",Microsoft Corporation,"50,000,000+"
com.google.android.deskclock,https://play-lh.googleusercontent.com/k-K6mdmZJZrJiuMJCHILReDGjMl_2ljzFIz3QLULfKL1q0tWtTcAkc0RDsjg9QEuXYw,"['https://play-lh.googleusercontent.com/4zVMz5YbEg5DuFt4zXQLcpA7403AVLGCf8URWEl7UOwCBLYytIXr34K8_GXoB0lfI503', 'https://play-lh.googleusercontent.com/bsFDoF3M9CBJfa5CnjnVT-2cs3zw28NW4ehQ0jH88xMCAlnO-8ilxInfFw3dpMKVfZA', 'https://play-lh.googleusercontent.com/etLIcpESxBW7qNkREhY7BkR-Pr_Ze9JRf3a4gC7ITRjyJ6u_oB5eAFDHzR_Y-OEE-izo', 'https://play-lh.googleusercontent.com/ONByCVSQKcXpz_R9PtHMGjWu9I5pVGg8IXR55G80DdHB0_3YTeuUVilMoJZKbRZLeOiy', 'https://play-lh.googleusercontent.com/h7O2s5locTpx9xzG6qClJtC5NDBuJr_QwP-IphCBndgboTUCNN_vNXGLEUrRElOAYD0', 'https://play-lh.googleusercontent.com/aXYwghZwqm-QtnWKqBsmgeRbzSME0O7GbfAHafQoxND5Qga8964REJUBq6dQ7co-', 'https://play-lh.googleusercontent.com/Ok7LWSzOQK1bJ5MP_NOAjRKYVJSJJBO1qOjjvFCWaLgPbw-nBgVuztDzUTfSPERWh_E', 'https://play-lh.googleusercontent.com/53ZUr_d39RBIx501w2JL9UNKd0qPEUBz8um-A206TfIKt7nUaAVpKmZdfZf7DLJKF7w', 'https://play-lh.googleusercontent.com/3uyIn-P1gY-A-yXDgdikXyIppHwTgVyXMi3f7yr3H78m5QvJzm_czHSJZYQPXJXJS4iu', 'https://play-lh.googleusercontent.com/ARppFTlSqDF1XDUcLfIJy4neoPhO1BQkY4eQaPH68qL3kecIUYxpx_z1rXUoiAWoeK8', 'https://play-lh.googleusercontent.com/y69r6uFCpOyxXOpWRoy9YOiYSW09vkpGYmDMa_ffOchAWPcrLyVajy8CDr5ZdLoAJw', 'https://play-lh.googleusercontent.com/klrC6ON36mgGjyChpBhqdiwcaA-weNUv4Ky5wy84OXSi43nmJ9beRnAs1yYJNOXpEAU', 'https://play-lh.googleusercontent.com/Y8Tvr-V5jWPfDhh0R-kFqNGw99e8UlVWbV80JagamqnhGwgnWxcQtNMT3VJTMdxHPAgT', 'https://play-lh.googleusercontent.com/qpc70JpGZ0N0Vl0lUjioW3lOqfr7A9LWkzf08D9rNX9wUkt2Db61dcV0W80sICuyKIjk', 'https://play-lh.googleusercontent.com/5rthiHb7JLHa-murHl9PQRpCZCkE1_aZWeWHIq2N3JxrjPQ_1eqObZbtLOp7YEaKYdM', 'https://play-lh.googleusercontent.com/efF5TlTN4J7HOvBVouBXZTaNJlIWyTILd8_Ye-McOoORCbgdf1tekoYllfvTZM0DeA', 'https://play-lh.googleusercontent.com/Dj8PMETYgjeJL5tFlmYcgZkw6u14MiYmZaPbEszLg9-5oXeK5EsvEqoj_T-1RYNFw8df']",Clock,4.0091124,Tools,0,True,USD,,,"Clock combines all of the functionality you need into one simple, beautiful package.



        ‚Ä¢ Set alarms, add timers, and run a stopwatch

        ‚Ä¢ Keep track of time around the world using the World Clock

        ‚Ä¢ Set a bedtime schedule, listen to sleep sounds, and see your calendar

        ‚Ä¢ Pair with Wear OS devices to bring your alarms and timers to your wrist","Clock combines all of the functionality you need into one simple, beautiful package.<br><br><br><br>        ‚Ä¢ Set alarms, add timers, and run a stopwatch<br><br>        ‚Ä¢ Keep track of time around the world using the World Clock<br><br>        ‚Ä¢ Set a bedtime schedule, listen to sleep sounds, and see your calendar<br><br>        ‚Ä¢ Pair with Wear OS devices to bring your alarms and timers to your wrist",Google LLC,"1,000,000,000+"
com.google.android.apps.translate,https://play-lh.googleusercontent.com/ZrNeuKthBirZN7rrXPN1JmUbaG8ICy3kZSHt-WgSnREsJzo2txzCzjIoChlevMIQEA,"['https://play-lh.googleusercontent.com/ZoSP1VfNTX1xNDW0VQKZkyfacz-UT-Rp6T2HCmwt-PWU3BCPseBUn34XzMCLkwBrw3I', 'https://play-lh.googleusercontent.com/bFSIzhZcc4ZqrpUa5PrVJM3NZE72yKb-WJvw_DZJAN5yNWPYggPQnV__v9p-yJJ7iCI', 'https://play-lh.googleusercontent.com/ZtJcUzdsRdpvZlaecTB1tkxkYfDrKdjJ1RY1l507dJGQcgifZ7qzCP9sO9go_bVDtZf2', 'https://play-lh.googleusercontent.com/yvb-wnjnNpjvhLfByPdz57VcAlGi2aqTdM9lO3MgYl5dG0UKGFYON9PVnqX5cVZUvg', 'https://play-lh.googleusercontent.com/y84tB3QBTZOcMlwcrKIJZa8JWZPR-JvnYZGZgJmmacPlODSpYcAFMUJOgTlaYYRurBc', 'https://play-lh.googleusercontent.com/Ua4roghJ3ZsQR92exHH8SYXJAFmibJBvZf0ERUNJIVUzSplZNWgY1D35QLCkbnhIT7w', 'https://play-lh.googleusercontent.com/yGIyPUq0vYqwmNaULIMDZJs5DygY1LUxdpcJhiwgu4TZAzUoAXCk6sPSLVnKnu5j-ds', 'https://play-lh.googleusercontent.com/fJkJ6iKd_kgMaVIwWWH3K4tZNFOZpwa3BvSoTysBEytLAveWMERGDs_GlnqTRgyBBVM', 'https://play-lh.googleusercontent.com/OJCN4BTNewoJiichKJXuxpjgYs1shyubWrC1cpClap4Nh1C4w2rL8hPihfbMbIqss1h8', 'https://play-lh.googleusercontent.com/UT9XHHiSrgxVT2obEe4cXIxPcLjDrDjd0XSQnbebFWR2DCrVLLPBkJgZZLn6yiFxUSL2', 'https://play-lh.googleusercontent.com/RvqAet_s5lHqUiq6BRPByRnh5l0MHM7Ht96v-gCo1CWPvEPYIzw54WTJGPcDO3MoZMw', 'https://play-lh.googleusercontent.com/Lh9cP_zkQ21AouP33N1oiK0LzuXPDhDE4LiZe_2Ws_j6m-ldOMpuosnLa9sYXLtHx58', 'https://play-lh.googleusercontent.com/xstAMvA33OJhdxlaTow-022SM0ufOSiiz0NMP6xpmcSka9m8coIsYF5KmPNIWpuhva4', 'https://play-lh.googleusercontent.com/AFRqMJCcaPwSwDLLFg_721s4skOwdm0lvJ3YJ_PEUb2BT1Xnv21j_v1iixkOV5yDq4g', 'https://play-lh.googleusercontent.com/RVBzHnQia932MqRbUOg1tVtnbyJGHn3r3kaaVjv6M_54qlSZH8jsjBz80L3VfQi0RXQ', 'https://play-lh.googleusercontent.com/e4Sfy0cOmqpike76V6N6n-tDVbtbmt6MxbnbkKBZ_7hPHZRfsCeZhMBZK8eFDoDa1Vf-']",Google Translate,4.319865,Tools,0,True,USD,,,"‚Ä¢ Text translation: Translate between 108 languages by typing
‚Ä¢ Tap to Translate: Copy text in any app and tap the Google Translate icon to translate (all languages)
‚Ä¢ Offline: Translate with no internet connection (59 languages)
‚Ä¢ Instant camera translation: Translate text in images instantly by just pointing your camera (94 languages)
‚Ä¢ Photos: Take or import photos for higher quality translations (90 languages)
‚Ä¢ Conversations: Translate bilingual conversations on the fly (70 languages)
‚Ä¢ Handwriting: Draw text characters instead of typing (96 languages)
‚Ä¢ Phrasebook: Star and save translated words and phrases for future reference (all languages)
‚Ä¢ Cross-device syncing: Login to sync phrasebook between app and desktop
‚Ä¢ Transcribe: Continuously translate someone speaking a different language in near real-time (8 languages)

Translations between the following languages are supported:
Afrikaans, Albanian, Amharic, Arabic, Armenian, Assamese, Aymara, Azerbaijani, Bambara, Basque, Belarusian, Bengali, Bhojpuri, Bosnian, Bulgarian, Catalan, Cebuano, Chichewa, Chinese (Simplified), Chinese (Traditional), Corsican, Croatian, Czech, Danish, Dhivehi, Dogri, Dutch, English, Esperanto, Estonian, Ewe, Filipino, Finnish, French, Frisian, Galician, Georgian, German, Greek, Guarani, Gujarati, Haitian Creole, Hausa, Hawaiian, Hebrew, Hindi, Hmong, Hungarian, Icelandic, Igbo, Ilocano, Indonesian, Irish, Italian, Japanese, Javanese, Kannada, Kazakh, Khmer, Kinyarwanda, Konkani, Korean, Krio, Kurdish (Kurmanji), Kurdish (Sorani), Kyrgyz, Lao, Latin, Latvian, Lingala, Lithuanian, Luganda, Luxembourgish, Macedonian, Maithili, Malagasy, Malay, Malayalam, Maltese, Maori, Marathi, Meiteilon (Manipuri), Mizo, Mongolian, Myanmar (Burmese), Nepali, Norwegian, Odia (Oriya), Oromo, Pashto, Persian, Polish, Portuguese, Punjabi, Quechua, Romanian, Russian, Samoan, Sanskrit, Scots Gaelic, Sepedi, Serbian, Sesotho, Shona, Sindhi, Sinhala, Slovak, Slovenian, Somali, Spanish, Sundanese, Swahili, Swedish, Tajik, Tamil, Tatar, Telugu, Thai, Tigrinya, Tsonga, Turkish, Turkmen, Twi, Ukrainian, Urdu, Uyghur, Uzbek, Vietnamese, Welsh, Xhosa, Yiddish, Yoruba, Zulu

Permissions Notice
Google Translate may ask for the following optional permissions*:
‚Ä¢ Microphone for speech translation
‚Ä¢ Camera for translating text via the camera
‚Ä¢ External storage for downloading offline translation data
‚Ä¢ Contacts for setup and management of your account

*Note: The app may be used even if optional permissions are not granted.","‚Ä¢ Text translation: Translate between 108 languages by typing<br>‚Ä¢ Tap to Translate: Copy text in any app and tap the Google Translate icon to translate (all languages)<br>‚Ä¢ Offline: Translate with no internet connection (59 languages)<br>‚Ä¢ Instant camera translation: Translate text in images instantly by just pointing your camera (94 languages)<br>‚Ä¢ Photos: Take or import photos for higher quality translations (90 languages)<br>‚Ä¢ Conversations: Translate bilingual conversations on the fly (70 languages)<br>‚Ä¢ Handwriting: Draw text characters instead of typing (96 languages)<br>‚Ä¢ Phrasebook: Star and save translated words and phrases for future reference (all languages)<br>‚Ä¢ Cross-device syncing: Login to sync phrasebook between app and desktop<br>‚Ä¢ Transcribe: Continuously translate someone speaking a different language in near real-time (8 languages)<br><br>Translations between the following languages are supported:<br>Afrikaans, Albanian, Amharic, Arabic, Armenian, Assamese, Aymara, Azerbaijani, Bambara, Basque, Belarusian, Bengali, Bhojpuri, Bosnian, Bulgarian, Catalan, Cebuano, Chichewa, Chinese (Simplified), Chinese (Traditional), Corsican, Croatian, Czech, Danish, Dhivehi, Dogri, Dutch, English, Esperanto, Estonian, Ewe, Filipino, Finnish, French, Frisian, Galician, Georgian, German, Greek, Guarani, Gujarati, Haitian Creole, Hausa, Hawaiian, Hebrew, Hindi, Hmong, Hungarian, Icelandic, Igbo, Ilocano, Indonesian, Irish, Italian, Japanese, Javanese, Kannada, Kazakh, Khmer, Kinyarwanda, Konkani, Korean, Krio, Kurdish (Kurmanji), Kurdish (Sorani), Kyrgyz, Lao, Latin, Latvian, Lingala, Lithuanian, Luganda, Luxembourgish, Macedonian, Maithili, Malagasy, Malay, Malayalam, Maltese, Maori, Marathi, Meiteilon (Manipuri), Mizo, Mongolian, Myanmar (Burmese), Nepali, Norwegian, Odia (Oriya), Oromo, Pashto, Persian, Polish, Portuguese, Punjabi, Quechua, Romanian, Russian, Samoan, Sanskrit, Scots Gaelic, Sepedi, Serbian, Sesotho, Shona, Sindhi, Sinhala, Slovak, Slovenian, Somali, Spanish, Sundanese, Swahili, Swedish, Tajik, Tamil, Tatar, Telugu, Thai, Tigrinya, Tsonga, Turkish, Turkmen, Twi, Ukrainian, Urdu, Uyghur, Uzbek, Vietnamese, Welsh, Xhosa, Yiddish, Yoruba, Zulu<br><br>Permissions Notice<br>Google Translate may ask for the following optional permissions*:<br>‚Ä¢ Microphone for speech translation<br>‚Ä¢ Camera for translating text via the camera<br>‚Ä¢ External storage for downloading offline translation data<br>‚Ä¢ Contacts for setup and management of your account<br><br>*Note: The app may be used even if optional permissions are not granted.",Google LLC,"1,000,000,000+"
com.google.android.apps.docs,https://play-lh.googleusercontent.com/t-juVwXA8lDAk8uQ2L6d6K83jpgQoqmK1icB_l9yvhIAQ2QT_1XbRwg5IpY08906qEw,"['https://play-lh.googleusercontent.com/ifUBR1YkwzX9k0KgL_oCXepSGDArDh19fW1t_aotX92if5fUaO50GkgGh7Q5gNGavwWz', 'https://play-lh.googleusercontent.com/RHA9uFvzrNwSnhQHBzt6Ll4Y_c1rU05tDLu6WfPMReETRhsib2FSsGDyBo4Ha-M5HkuR', 'https://play-lh.googleusercontent.com/LEQI-eNj-tvx5GIACUn5Aki1UjJ_Ev8bSE8_Px5axJeBoE2R0KPDCEm0vw-BR7AjTw', 'https://play-lh.googleusercontent.com/DG_BThhvD-teIwC1Nu0Sc36KD9YGzfD0szHT02JEjyj5oiQ5NWucClwQ6lvSdbrp5A', 'https://play-lh.googleusercontent.com/X7DcCYKGU29xZGcDR08LZvz0TiTpajgomFNHlmkkgkCAEJIqZE8AEYSgNM8rlTNqQxk', 'https://play-lh.googleusercontent.com/9p_SPkP12sQugP624S_ylBkezeKSs2tHWvUpjoSIr447DOQW6WU7CS3GwzvREFcTF4E', 'https://play-lh.googleusercontent.com/POob9asYytjwo_qLIKeW-e3WIz_bmIwIMw4NFh7bH59tOSPyG1tAHn3zXXnScwP00zE', 'https://play-lh.googleusercontent.com/PL6884fBfSKdnZJIcHGnCClryCOZyrMPU36vPDuzNkiyRQ8Go4AKH63_2KXO7pXCwQ', 'https://play-lh.googleusercontent.com/I6BABIEdmMyrkkeMCb6ywDpwSK6nfWlE1i6UhDV6T51isYIEV8q4gCIp0KrhfUPq_U8', 'https://play-lh.googleusercontent.com/4OJ_qIDnE06ZX7R-c7CFhTEX3qQv2iRyN_UPo83jVHb89RwTPIriD3PQOYhvImeZYHs', 'https://play-lh.googleusercontent.com/xgNP7aXrUING2DXYKFZMwqnm8oVRi7zWDzUDNrCr_kplTtlDfb0ByFcRiEVvQuLGkQ']",Google Drive,4.348427,Productivity,0,True,USD,,,"Google Drive, part of Google Workspace,  is a safe place to back up and access all your files from any device. Easily invite others to view, edit, or leave comments on any of your files or folders.

With Drive, you can:

‚Ä¢ Safely store and access your files anywhere
‚Ä¢ Quickly access recent and important files
‚Ä¢ Search for files by name and content
‚Ä¢ Share and set permissions for files and folders
‚Ä¢ View your content on the go while offline
‚Ä¢ Receive notifications about important activity on your files
‚Ä¢ Use your device‚Äôs camera to scan paper documents

Google Workspace subscribers have access to additional Drive functionality, including:
‚Ä¢ Easily managing users and file sharing to help meet data compliance needs
‚Ä¢ Sharing files and folders directly with groups or teams within your organization
‚Ä¢ Creating a shared drive to store all of your team‚Äôs content

Learn more about Google Workspace Drive: https://workspace.google.com/products/drive/

Learn more about Google Apps update policy: https://support.google.com/a/answer/6288871

Google accounts get 15GB of storage, shared across Google Drive, Gmail, and Google Photos. For additional storage, you can upgrade to Google Workspace or Google One as an in-app purchase. Subscriptions start at $1.99/month for 100 GB in the US, and can vary by region.

Google Privacy Policy: https://www.google.com/intl/en_US/policies/privacy
Google Drive Terms of Service: https://www.google.com/drive/terms-of-service

Follow us for more:
Twitter: https://twitter.com/googleworkspace
Linkedin: https://www.linkedin.com/showcase/googleworkspace
Facebook: https://www.facebook.com/googleworkspace/","Google Drive, part of Google Workspace,  is a safe place to back up and access all your files from any device. Easily invite others to view, edit, or leave comments on any of your files or folders.<br><br>With Drive, you can:<br><br>‚Ä¢ Safely store and access your files anywhere<br>‚Ä¢ Quickly access recent and important files<br>‚Ä¢ Search for files by name and content<br>‚Ä¢ Share and set permissions for files and folders<br>‚Ä¢ View your content on the go while offline<br>‚Ä¢ Receive notifications about important activity on your files<br>‚Ä¢ Use your device‚Äôs camera to scan paper documents<br><br>Google Workspace subscribers have access to additional Drive functionality, including:<br>‚Ä¢ Easily managing users and file sharing to help meet data compliance needs<br>‚Ä¢ Sharing files and folders directly with groups or teams within your organization<br>‚Ä¢ Creating a shared drive to store all of your team‚Äôs content<br><br>Learn more about Google Workspace Drive: https://workspace.google.com/products/drive/<br><br>Learn more about Google Apps update policy: https://support.google.com/a/answer/6288871<br><br>Google accounts get 15GB of storage, shared across Google Drive, Gmail, and Google Photos. For additional storage, you can upgrade to Google Workspace or Google One as an in-app purchase. Subscriptions start at $1.99/month for 100 GB in the US, and can vary by region.<br><br>Google Privacy Policy: https://www.google.com/intl/en_US/policies/privacy<br>Google Drive Terms of Service: https://www.google.com/drive/terms-of-service<br><br>Follow us for more:<br>Twitter: https://twitter.com/googleworkspace<br>Linkedin: https://www.linkedin.com/showcase/googleworkspace<br>Facebook: https://www.facebook.com/googleworkspace/",Google LLC,"5,000,000,000+"
